City,SKU Name,SKU Code,EAN,SKU Category,SKU Sub Category,Brand Name,Manufacturer Name,Manufacturer ID,Units
Delhi,Jivo Cold Press Sunflower Cooking Oil 1.0 LITER,06c8f55b-13a5-4d9b-8990-a418e63c89ad,8908000258235,"Atta, Rice, Oil & Dals",Oil,Jivo,Jivo Wellness Pvt. Ltd.,946950b7-1ce2-4bdf-a7c4-37499e3f5f34,59
Chandigarh,Jivo Cold Press Sunflower Cooking Oil 1.0 LITER,06c8f55b-13a5-4d9b-8990-a418e63c89ad,8908000258235,"Atta, Rice, Oil & Dals",Oil,Jivo,Jivo Wellness Pvt. Ltd.,946950b7-1ce2-4bdf-a7c4-37499e3f5f34,2
Jaipur,Jivo Cold Press Sunflower Cooking Oil 1.0 LITER,06c8f55b-13a5-4d9b-8990-a418e63c89ad,8908000258235,"Atta, Rice, Oil & Dals",Oil,Jivo,Jivo Wellness Pvt. Ltd.,946950b7-1ce2-4bdf-a7c4-37499e3f5f34,30
Jalandhar,Jivo Cold Press Sunflower Cooking Oil 1.0 LITER,06c8f55b-13a5-4d9b-8990-a418e63c89ad,8908000258235,"Atta, Rice, Oil & Dals",Oil,Jivo,Jivo Wellness Pvt. Ltd.,946950b7-1ce2-4bdf-a7c4-37499e3f5f34,2
Faridabad,Jivo So-Olive Blend Of Rice Bran and Olive Oil 1.0 LITER,dc9c5857-5d89-45c7-895a-373097239ff7,8905604002080,"Atta, Rice, Oil & Dals",Oil,Jivo,Jivo Wellness Pvt. Ltd.,946950b7-1ce2-4bdf-a7c4-37499e3f5f34,21
Bengaluru,Jivo So-Olive Blend Of Rice Bran and Olive Oil 1.0 LITER,dc9c5857-5d89-45c7-895a-373097239ff7,8905604002080,"Atta, Rice, Oil & Dals",Oil,Jivo,Jivo Wellness Pvt. Ltd.,946950b7-1ce2-4bdf-a7c4-37499e3f5f34,178
Ghaziabad,Jivo So-Olive Blend Of Rice Bran and Olive Oil 1.0 LITER,dc9c5857-5d89-45c7-895a-373097239ff7,8905604002080,"Atta, Rice, Oil & Dals",Oil,Jivo,Jivo Wellness Pvt. Ltd.,946950b7-1ce2-4bdf-a7c4-37499e3f5f34,12
Mumbai,Jivo So-Olive Blend Of Rice Bran and Olive Oil 1.0 LITER,dc9c5857-5d89-45c7-895a-373097239ff7,8905604002080,"Atta, Rice, Oil & Dals",Oil,Jivo,Jivo Wellness Pvt. Ltd.,946950b7-1ce2-4bdf-a7c4-37499e3f5f34,15
Bengaluru,Jivo Rice Bran Daily Cooking Oil 5.0 LITER,fddcd552-ffa1-4fae-adc8-2e098107f691,8905604002066,"Atta, Rice, Oil & Dals",Oil,Jivo,Jivo Wellness Pvt. Ltd.,946950b7-1ce2-4bdf-a7c4-37499e3f5f34,1
Bengaluru,Jivo Extra Virgin Cooking Olive Oil 5.0 LITER,c80ef4de-b2c3-4fb4-984b-4cb29b33db33,8905604000000,"Atta, Rice, Oil & Dals",Oil,Jivo,Jivo Wellness Pvt. Ltd.,946950b7-1ce2-4bdf-a7c4-37499e3f5f34,4
Surat,Jivo Extra Virgin Cooking Olive Oil 5.0 LITER,c80ef4de-b2c3-4fb4-984b-4cb29b33db33,8905604000000,"Atta, Rice, Oil & Dals",Oil,Jivo,Jivo Wellness Pvt. Ltd.,946950b7-1ce2-4bdf-a7c4-37499e3f5f34,1
Mumbai,Jivo Extra Virgin Cooking Olive Oil 5.0 LITER,c80ef4de-b2c3-4fb4-984b-4cb29b33db33,8905604000000,"Atta, Rice, Oil & Dals",Oil,Jivo,Jivo Wellness Pvt. Ltd.,946950b7-1ce2-4bdf-a7c4-37499e3f5f34,29
Delhi,Jivo Extra Virgin Cooking Olive Oil 5.0 LITER,c80ef4de-b2c3-4fb4-984b-4cb29b33db33,8905604000000,"Atta, Rice, Oil & Dals",Oil,Jivo,Jivo Wellness Pvt. Ltd.,946950b7-1ce2-4bdf-a7c4-37499e3f5f34,4
Gurugram,Jivo Extra Virgin Cooking Olive Oil 5.0 LITER,c80ef4de-b2c3-4fb4-984b-4cb29b33db33,8905604000000,"Atta, Rice, Oil & Dals",Oil,Jivo,Jivo Wellness Pvt. Ltd.,946950b7-1ce2-4bdf-a7c4-37499e3f5f34,5
Karnal,Jivo Extra Virgin Olive Oil | Bottle 1.0 LITER,5d186472-6fe2-4643-af2f-2f9cd773986d,8908000258723,"Atta, Rice, Oil & Dals",Oil,Jivo,Jivo Wellness Pvt. Ltd.,946950b7-1ce2-4bdf-a7c4-37499e3f5f34,3
Ghaziabad,Jivo Cold Press Groundnut Cooking Oil 1.0 LITER,41367ef4-80d9-4819-bbae-d1806c184f5c,8905604001199,"Atta, Rice, Oil & Dals",Oil,Jivo,Jivo Wellness Pvt. Ltd.,946950b7-1ce2-4bdf-a7c4-37499e3f5f34,19
Delhi,Jivo Cold Press Groundnut Cooking Oil 1.0 LITER,41367ef4-80d9-4819-bbae-d1806c184f5c,8905604001199,"Atta, Rice, Oil & Dals",Oil,Jivo,Jivo Wellness Pvt. Ltd.,946950b7-1ce2-4bdf-a7c4-37499e3f5f34,39
Ludhiana,Jivo Gold Refined Oil Blend Of Rice Bran Oil and Sunflower Oil 1.0 LITER,bc1af3d1-2a14-4296-b38e-e05ba43c3170,8905604001076,"Atta, Rice, Oil & Dals",Oil,Jivo,Jivo Wellness Pvt. Ltd.,946950b7-1ce2-4bdf-a7c4-37499e3f5f34,1
Indore,Jivo Extra Virgin Olive Oil | Bottle 1.0 LITER,5d186472-6fe2-4643-af2f-2f9cd773986d,8908000258723,"Atta, Rice, Oil & Dals",Oil,Jivo,Jivo Wellness Pvt. Ltd.,946950b7-1ce2-4bdf-a7c4-37499e3f5f34,1
Mumbai,Jivo Extra Virgin Olive Oil | Bottle 1.0 LITER,5d186472-6fe2-4643-af2f-2f9cd773986d,8908000258723,"Atta, Rice, Oil & Dals",Oil,Jivo,Jivo Wellness Pvt. Ltd.,946950b7-1ce2-4bdf-a7c4-37499e3f5f34,127
Rewari,Jivo Extra Virgin Olive Oil | Bottle 1.0 LITER,5d186472-6fe2-4643-af2f-2f9cd773986d,8908000258723,"Atta, Rice, Oil & Dals",Oil,Jivo,Jivo Wellness Pvt. Ltd.,946950b7-1ce2-4bdf-a7c4-37499e3f5f34,1
Prayagraj,Jivo Extra Virgin Olive Oil | Bottle 1.0 LITER,5d186472-6fe2-4643-af2f-2f9cd773986d,8908000258723,"Atta, Rice, Oil & Dals",Oil,Jivo,Jivo Wellness Pvt. Ltd.,946950b7-1ce2-4bdf-a7c4-37499e3f5f34,10
Gorakhpur,Jivo Extra Virgin Olive Oil | Bottle 1.0 LITER,5d186472-6fe2-4643-af2f-2f9cd773986d,8908000258723,"Atta, Rice, Oil & Dals",Oil,Jivo,Jivo Wellness Pvt. Ltd.,946950b7-1ce2-4bdf-a7c4-37499e3f5f34,3
Delhi,Jivo Extra Virgin Olive Oil | Bottle 1.0 LITER,5d186472-6fe2-4643-af2f-2f9cd773986d,8908000258723,"Atta, Rice, Oil & Dals",Oil,Jivo,Jivo Wellness Pvt. Ltd.,946950b7-1ce2-4bdf-a7c4-37499e3f5f34,86
Bareilly,Jivo Extra Virgin Olive Oil | Bottle 1.0 LITER,5d186472-6fe2-4643-af2f-2f9cd773986d,8908000258723,"Atta, Rice, Oil & Dals",Oil,Jivo,Jivo Wellness Pvt. Ltd.,946950b7-1ce2-4bdf-a7c4-37499e3f5f34,1
Amritsar,Jivo Cold Press Groundnut Cooking Oil 1.0 LITER,41367ef4-80d9-4819-bbae-d1806c184f5c,8905604001199,"Atta, Rice, Oil & Dals",Oil,Jivo,Jivo Wellness Pvt. Ltd.,946950b7-1ce2-4bdf-a7c4-37499e3f5f34,1
Nagpur,Jivo Cold Press Groundnut Cooking Oil 1.0 LITER,41367ef4-80d9-4819-bbae-d1806c184f5c,8905604001199,"Atta, Rice, Oil & Dals",Oil,Jivo,Jivo Wellness Pvt. Ltd.,946950b7-1ce2-4bdf-a7c4-37499e3f5f34,2
SAS Nagar,Jivo Cold Press Groundnut Cooking Oil 1.0 LITER,41367ef4-80d9-4819-bbae-d1806c184f5c,8905604001199,"Atta, Rice, Oil & Dals",Oil,Jivo,Jivo Wellness Pvt. Ltd.,946950b7-1ce2-4bdf-a7c4-37499e3f5f34,15
Bengaluru,Jivo Cold Press Groundnut Cooking Oil 1.0 LITER,41367ef4-80d9-4819-bbae-d1806c184f5c,8905604001199,"Atta, Rice, Oil & Dals",Oil,Jivo,Jivo Wellness Pvt. Ltd.,946950b7-1ce2-4bdf-a7c4-37499e3f5f34,134
Ghaziabad,Jivo Gold Refined Oil Blend Of Rice Bran Oil and Sunflower Oil 1.0 LITER,bc1af3d1-2a14-4296-b38e-e05ba43c3170,8905604001076,"Atta, Rice, Oil & Dals",Oil,Jivo,Jivo Wellness Pvt. Ltd.,946950b7-1ce2-4bdf-a7c4-37499e3f5f34,2
Kanpur,Jivo Cold Press Groundnut Cooking Oil 1.0 LITER,41367ef4-80d9-4819-bbae-d1806c184f5c,8905604001199,"Atta, Rice, Oil & Dals",Oil,Jivo,Jivo Wellness Pvt. Ltd.,946950b7-1ce2-4bdf-a7c4-37499e3f5f34,13
Faridabad,Jivo Gold Refined Oil Blend Of Rice Bran Oil and Sunflower Oil 1.0 LITER,bc1af3d1-2a14-4296-b38e-e05ba43c3170,8905604001076,"Atta, Rice, Oil & Dals",Oil,Jivo,Jivo Wellness Pvt. Ltd.,946950b7-1ce2-4bdf-a7c4-37499e3f5f34,6
Jhajjar,Jivo Extra Virgin Olive Oil | Bottle 1.0 LITER,5d186472-6fe2-4643-af2f-2f9cd773986d,8908000258723,"Atta, Rice, Oil & Dals",Oil,Jivo,Jivo Wellness Pvt. Ltd.,946950b7-1ce2-4bdf-a7c4-37499e3f5f34,8
SAS Nagar,Jivo Extra Virgin Olive Oil | Bottle 1.0 LITER,5d186472-6fe2-4643-af2f-2f9cd773986d,8908000258723,"Atta, Rice, Oil & Dals",Oil,Jivo,Jivo Wellness Pvt. Ltd.,946950b7-1ce2-4bdf-a7c4-37499e3f5f34,17
Dehradun,Jivo Cold Press Sunflower Cooking Oil 1.0 LITER,06c8f55b-13a5-4d9b-8990-a418e63c89ad,8908000258235,"Atta, Rice, Oil & Dals",Oil,Jivo,Jivo Wellness Pvt. Ltd.,946950b7-1ce2-4bdf-a7c4-37499e3f5f34,6
Amritsar,Jivo Cold Press Sunflower Cooking Oil 1.0 LITER,06c8f55b-13a5-4d9b-8990-a418e63c89ad,8908000258235,"Atta, Rice, Oil & Dals",Oil,Jivo,Jivo Wellness Pvt. Ltd.,946950b7-1ce2-4bdf-a7c4-37499e3f5f34,1
Ludhiana,Jivo Cold Press Sunflower Cooking Oil 1.0 LITER,06c8f55b-13a5-4d9b-8990-a418e63c89ad,8908000258235,"Atta, Rice, Oil & Dals",Oil,Jivo,Jivo Wellness Pvt. Ltd.,946950b7-1ce2-4bdf-a7c4-37499e3f5f34,2
Kanpur,Jivo Cold Press Sunflower Cooking Oil 1.0 LITER,06c8f55b-13a5-4d9b-8990-a418e63c89ad,8908000258235,"Atta, Rice, Oil & Dals",Oil,Jivo,Jivo Wellness Pvt. Ltd.,946950b7-1ce2-4bdf-a7c4-37499e3f5f34,12
Lucknow,Jivo Cold Press Sunflower Cooking Oil 1.0 LITER,06c8f55b-13a5-4d9b-8990-a418e63c89ad,8908000258235,"Atta, Rice, Oil & Dals",Oil,Jivo,Jivo Wellness Pvt. Ltd.,946950b7-1ce2-4bdf-a7c4-37499e3f5f34,34
Chennai,Jivo So-Olive Blend Of Rice Bran and Olive Oil 1.0 LITER,dc9c5857-5d89-45c7-895a-373097239ff7,8905604002080,"Atta, Rice, Oil & Dals",Oil,Jivo,Jivo Wellness Pvt. Ltd.,946950b7-1ce2-4bdf-a7c4-37499e3f5f34,5
Dehradun,Jivo So-Olive Blend Of Rice Bran and Olive Oil 1.0 LITER,dc9c5857-5d89-45c7-895a-373097239ff7,8905604002080,"Atta, Rice, Oil & Dals",Oil,Jivo,Jivo Wellness Pvt. Ltd.,946950b7-1ce2-4bdf-a7c4-37499e3f5f34,5
Nashik,Jivo So-Olive Blend Of Rice Bran and Olive Oil 1.0 LITER,dc9c5857-5d89-45c7-895a-373097239ff7,8905604002080,"Atta, Rice, Oil & Dals",Oil,Jivo,Jivo Wellness Pvt. Ltd.,946950b7-1ce2-4bdf-a7c4-37499e3f5f34,1
Kochi,Jivo Extra Virgin Cooking Olive Oil 5.0 LITER,c80ef4de-b2c3-4fb4-984b-4cb29b33db33,8905604000000,"Atta, Rice, Oil & Dals",Oil,Jivo,Jivo Wellness Pvt. Ltd.,946950b7-1ce2-4bdf-a7c4-37499e3f5f34,2
Hyderabad,Jivo Extra Virgin Cooking Olive Oil 5.0 LITER,c80ef4de-b2c3-4fb4-984b-4cb29b33db33,8905604000000,"Atta, Rice, Oil & Dals",Oil,Jivo,Jivo Wellness Pvt. Ltd.,946950b7-1ce2-4bdf-a7c4-37499e3f5f34,14
SAS Nagar,Jivo Extra Virgin Cooking Olive Oil 5.0 LITER,c80ef4de-b2c3-4fb4-984b-4cb29b33db33,8905604000000,"Atta, Rice, Oil & Dals",Oil,Jivo,Jivo Wellness Pvt. Ltd.,946950b7-1ce2-4bdf-a7c4-37499e3f5f34,4
Chandigarh,Jivo Cold Press Groundnut Cooking Oil 1.0 LITER,41367ef4-80d9-4819-bbae-d1806c184f5c,8905604001199,"Atta, Rice, Oil & Dals",Oil,Jivo,Jivo Wellness Pvt. Ltd.,946950b7-1ce2-4bdf-a7c4-37499e3f5f34,2
Sonipat,Jivo Extra Virgin Olive Oil | Bottle 1.0 LITER,5d186472-6fe2-4643-af2f-2f9cd773986d,8908000258723,"Atta, Rice, Oil & Dals",Oil,Jivo,Jivo Wellness Pvt. Ltd.,946950b7-1ce2-4bdf-a7c4-37499e3f5f34,1
Dehradun,Jivo Extra Virgin Olive Oil | Bottle 1.0 LITER,5d186472-6fe2-4643-af2f-2f9cd773986d,8908000258723,"Atta, Rice, Oil & Dals",Oil,Jivo,Jivo Wellness Pvt. Ltd.,946950b7-1ce2-4bdf-a7c4-37499e3f5f34,12
Lucknow,Jivo Extra Virgin Olive Oil | Bottle 1.0 LITER,5d186472-6fe2-4643-af2f-2f9cd773986d,8908000258723,"Atta, Rice, Oil & Dals",Oil,Jivo,Jivo Wellness Pvt. Ltd.,946950b7-1ce2-4bdf-a7c4-37499e3f5f34,18
Gurugram,Jivo Extra Virgin Olive Oil | Bottle 1.0 LITER,5d186472-6fe2-4643-af2f-2f9cd773986d,8908000258723,"Atta, Rice, Oil & Dals",Oil,Jivo,Jivo Wellness Pvt. Ltd.,946950b7-1ce2-4bdf-a7c4-37499e3f5f34,96
Patiala,Jivo Extra Virgin Olive Oil | Bottle 1.0 LITER,5d186472-6fe2-4643-af2f-2f9cd773986d,8908000258723,"Atta, Rice, Oil & Dals",Oil,Jivo,Jivo Wellness Pvt. Ltd.,946950b7-1ce2-4bdf-a7c4-37499e3f5f34,2
Gurugram,Jivo Cold Press Groundnut Cooking Oil 1.0 LITER,41367ef4-80d9-4819-bbae-d1806c184f5c,8905604001199,"Atta, Rice, Oil & Dals",Oil,Jivo,Jivo Wellness Pvt. Ltd.,946950b7-1ce2-4bdf-a7c4-37499e3f5f34,140
Kochi,Jivo Cold Press Groundnut Cooking Oil 5.0 LITER,e52f63d4-19cb-4e2b-8de1-a777162eeb3b,8905604001168,"Atta, Rice, Oil & Dals",Oil,Jivo,Jivo Wellness Pvt. Ltd.,946950b7-1ce2-4bdf-a7c4-37499e3f5f34,2
Hyderabad,Jivo Extra Virgin Olive Oil | Bottle 1.0 LITER,5d186472-6fe2-4643-af2f-2f9cd773986d,8908000258723,"Atta, Rice, Oil & Dals",Oil,Jivo,Jivo Wellness Pvt. Ltd.,946950b7-1ce2-4bdf-a7c4-37499e3f5f34,22
Jalandhar,Jivo Extra Virgin Olive Oil | Bottle 1.0 LITER,5d186472-6fe2-4643-af2f-2f9cd773986d,8908000258723,"Atta, Rice, Oil & Dals",Oil,Jivo,Jivo Wellness Pvt. Ltd.,946950b7-1ce2-4bdf-a7c4-37499e3f5f34,8
Varanasi,Jivo Extra Virgin Olive Oil | Bottle 1.0 LITER,5d186472-6fe2-4643-af2f-2f9cd773986d,8908000258723,"Atta, Rice, Oil & Dals",Oil,Jivo,Jivo Wellness Pvt. Ltd.,946950b7-1ce2-4bdf-a7c4-37499e3f5f34,3
Bhiwadi,Jivo Extra Virgin Olive Oil | Bottle 1.0 LITER,5d186472-6fe2-4643-af2f-2f9cd773986d,8908000258723,"Atta, Rice, Oil & Dals",Oil,Jivo,Jivo Wellness Pvt. Ltd.,946950b7-1ce2-4bdf-a7c4-37499e3f5f34,2
Guntur,Jivo Extra Virgin Olive Oil | Bottle 1.0 LITER,5d186472-6fe2-4643-af2f-2f9cd773986d,8908000258723,"Atta, Rice, Oil & Dals",Oil,Jivo,Jivo Wellness Pvt. Ltd.,946950b7-1ce2-4bdf-a7c4-37499e3f5f34,2
Mumbai,Jivo Gold Refined Oil Blend Of Rice Bran Oil and Sunflower Oil 1.0 LITER,bc1af3d1-2a14-4296-b38e-e05ba43c3170,8905604001076,"Atta, Rice, Oil & Dals",Oil,Jivo,Jivo Wellness Pvt. Ltd.,946950b7-1ce2-4bdf-a7c4-37499e3f5f34,9
Delhi,Jivo Gold Refined Oil Blend Of Rice Bran Oil and Sunflower Oil 1.0 LITER,bc1af3d1-2a14-4296-b38e-e05ba43c3170,8905604001076,"Atta, Rice, Oil & Dals",Oil,Jivo,Jivo Wellness Pvt. Ltd.,946950b7-1ce2-4bdf-a7c4-37499e3f5f34,4
Bengaluru,Jivo Extra Virgin Olive Oil | Bottle 1.0 LITER,5d186472-6fe2-4643-af2f-2f9cd773986d,8908000258723,"Atta, Rice, Oil & Dals",Oil,Jivo,Jivo Wellness Pvt. Ltd.,946950b7-1ce2-4bdf-a7c4-37499e3f5f34,271
Kolkata,Jivo Extra Virgin Olive Oil | Bottle 1.0 LITER,5d186472-6fe2-4643-af2f-2f9cd773986d,8908000258723,"Atta, Rice, Oil & Dals",Oil,Jivo,Jivo Wellness Pvt. Ltd.,946950b7-1ce2-4bdf-a7c4-37499e3f5f34,1
Ghaziabad,Jivo Cold Press Sunflower Cooking Oil 1.0 LITER,06c8f55b-13a5-4d9b-8990-a418e63c89ad,8908000258235,"Atta, Rice, Oil & Dals",Oil,Jivo,Jivo Wellness Pvt. Ltd.,946950b7-1ce2-4bdf-a7c4-37499e3f5f34,2
Bengaluru,Jivo Cold Press Sunflower Cooking Oil 1.0 LITER,06c8f55b-13a5-4d9b-8990-a418e63c89ad,8908000258235,"Atta, Rice, Oil & Dals",Oil,Jivo,Jivo Wellness Pvt. Ltd.,946950b7-1ce2-4bdf-a7c4-37499e3f5f34,310
Hyderabad,Jivo So-Olive Blend Of Rice Bran and Olive Oil 1.0 LITER,dc9c5857-5d89-45c7-895a-373097239ff7,8905604002080,"Atta, Rice, Oil & Dals",Oil,Jivo,Jivo Wellness Pvt. Ltd.,946950b7-1ce2-4bdf-a7c4-37499e3f5f34,1
Agra,Jivo So-Olive Blend Of Rice Bran and Olive Oil 1.0 LITER,dc9c5857-5d89-45c7-895a-373097239ff7,8905604002080,"Atta, Rice, Oil & Dals",Oil,Jivo,Jivo Wellness Pvt. Ltd.,946950b7-1ce2-4bdf-a7c4-37499e3f5f34,1
Noida,Jivo So-Olive Blend Of Rice Bran and Olive Oil 1.0 LITER,dc9c5857-5d89-45c7-895a-373097239ff7,8905604002080,"Atta, Rice, Oil & Dals",Oil,Jivo,Jivo Wellness Pvt. Ltd.,946950b7-1ce2-4bdf-a7c4-37499e3f5f34,19
Jhajjar,Jivo So-Olive Blend Of Rice Bran and Olive Oil 1.0 LITER,dc9c5857-5d89-45c7-895a-373097239ff7,8905604002080,"Atta, Rice, Oil & Dals",Oil,Jivo,Jivo Wellness Pvt. Ltd.,946950b7-1ce2-4bdf-a7c4-37499e3f5f34,2
Chennai,Jivo Mustard oil Tin 15.0 LITER,f0a1ac3e-3c19-4701-a378-f89de69514e2,8908000258303,"Atta, Rice, Oil & Dals",Oil,Jivo,Jivo Wellness Pvt. Ltd.,946950b7-1ce2-4bdf-a7c4-37499e3f5f34,11
Faridabad,Jivo Extra Virgin Cooking Olive Oil 5.0 LITER,c80ef4de-b2c3-4fb4-984b-4cb29b33db33,8905604000000,"Atta, Rice, Oil & Dals",Oil,Jivo,Jivo Wellness Pvt. Ltd.,946950b7-1ce2-4bdf-a7c4-37499e3f5f34,1
Ghaziabad,Jivo Extra Virgin Cooking Olive Oil 5.0 LITER,c80ef4de-b2c3-4fb4-984b-4cb29b33db33,8905604000000,"Atta, Rice, Oil & Dals",Oil,Jivo,Jivo Wellness Pvt. Ltd.,946950b7-1ce2-4bdf-a7c4-37499e3f5f34,2
Pune,Jivo Extra Virgin Cooking Olive Oil 5.0 LITER,c80ef4de-b2c3-4fb4-984b-4cb29b33db33,8905604000000,"Atta, Rice, Oil & Dals",Oil,Jivo,Jivo Wellness Pvt. Ltd.,946950b7-1ce2-4bdf-a7c4-37499e3f5f34,19
Ahmedabad,Jivo Extra Virgin Cooking Olive Oil 5.0 LITER,c80ef4de-b2c3-4fb4-984b-4cb29b33db33,8905604000000,"Atta, Rice, Oil & Dals",Oil,Jivo,Jivo Wellness Pvt. Ltd.,946950b7-1ce2-4bdf-a7c4-37499e3f5f34,1
Ghaziabad,Jivo Extra Virgin Olive Oil | Bottle 1.0 LITER,5d186472-6fe2-4643-af2f-2f9cd773986d,8908000258723,"Atta, Rice, Oil & Dals",Oil,Jivo,Jivo Wellness Pvt. Ltd.,946950b7-1ce2-4bdf-a7c4-37499e3f5f34,26
Faridabad,Jivo Cold Press Groundnut Cooking Oil 1.0 LITER,41367ef4-80d9-4819-bbae-d1806c184f5c,8905604001199,"Atta, Rice, Oil & Dals",Oil,Jivo,Jivo Wellness Pvt. Ltd.,946950b7-1ce2-4bdf-a7c4-37499e3f5f34,22
Pune,Jivo Extra Virgin Olive Oil | Bottle 1.0 LITER,5d186472-6fe2-4643-af2f-2f9cd773986d,8908000258723,"Atta, Rice, Oil & Dals",Oil,Jivo,Jivo Wellness Pvt. Ltd.,946950b7-1ce2-4bdf-a7c4-37499e3f5f34,1
Noida,Jivo Extra Virgin Olive Oil | Bottle 1.0 LITER,5d186472-6fe2-4643-af2f-2f9cd773986d,8908000258723,"Atta, Rice, Oil & Dals",Oil,Jivo,Jivo Wellness Pvt. Ltd.,946950b7-1ce2-4bdf-a7c4-37499e3f5f34,53
Nashik,Jivo Gold Refined Oil Blend Of Rice Bran Oil and Sunflower Oil 1.0 LITER,bc1af3d1-2a14-4296-b38e-e05ba43c3170,8905604001076,"Atta, Rice, Oil & Dals",Oil,Jivo,Jivo Wellness Pvt. Ltd.,946950b7-1ce2-4bdf-a7c4-37499e3f5f34,1
Faridabad,Jivo Extra Virgin Olive Oil | Bottle 1.0 LITER,5d186472-6fe2-4643-af2f-2f9cd773986d,8908000258723,"Atta, Rice, Oil & Dals",Oil,Jivo,Jivo Wellness Pvt. Ltd.,946950b7-1ce2-4bdf-a7c4-37499e3f5f34,32
Bengaluru,Jivo Gold Refined Oil Blend Of Rice Bran Oil and Sunflower Oil 1.0 LITER,bc1af3d1-2a14-4296-b38e-e05ba43c3170,8905604001076,"Atta, Rice, Oil & Dals",Oil,Jivo,Jivo Wellness Pvt. Ltd.,946950b7-1ce2-4bdf-a7c4-37499e3f5f34,139
Lucknow,Jivo Cold Press Groundnut Cooking Oil 1.0 LITER,41367ef4-80d9-4819-bbae-d1806c184f5c,8905604001199,"Atta, Rice, Oil & Dals",Oil,Jivo,Jivo Wellness Pvt. Ltd.,946950b7-1ce2-4bdf-a7c4-37499e3f5f34,39
Agra,Jivo Extra Virgin Olive Oil | Bottle 1.0 LITER,5d186472-6fe2-4643-af2f-2f9cd773986d,8908000258723,"Atta, Rice, Oil & Dals",Oil,Jivo,Jivo Wellness Pvt. Ltd.,946950b7-1ce2-4bdf-a7c4-37499e3f5f34,12
Jhajjar,Jivo Cold Press Groundnut Cooking Oil 1.0 LITER,41367ef4-80d9-4819-bbae-d1806c184f5c,8905604001199,"Atta, Rice, Oil & Dals",Oil,Jivo,Jivo Wellness Pvt. Ltd.,946950b7-1ce2-4bdf-a7c4-37499e3f5f34,0
Mumbai,Jivo Cold Press Groundnut Cooking Oil 1.0 LITER,41367ef4-80d9-4819-bbae-d1806c184f5c,8905604001199,"Atta, Rice, Oil & Dals",Oil,Jivo,Jivo Wellness Pvt. Ltd.,946950b7-1ce2-4bdf-a7c4-37499e3f5f34,44
Ludhiana,Jivo Cold Press Groundnut Cooking Oil 1.0 LITER,41367ef4-80d9-4819-bbae-d1806c184f5c,8905604001199,"Atta, Rice, Oil & Dals",Oil,Jivo,Jivo Wellness Pvt. Ltd.,946950b7-1ce2-4bdf-a7c4-37499e3f5f34,1
Noida,Jivo Cold Press Groundnut Cooking Oil 1.0 LITER,41367ef4-80d9-4819-bbae-d1806c184f5c,8905604001199,"Atta, Rice, Oil & Dals",Oil,Jivo,Jivo Wellness Pvt. Ltd.,946950b7-1ce2-4bdf-a7c4-37499e3f5f34,38
Jaipur,Jivo Extra Virgin Olive Oil | Bottle 1.0 LITER,5d186472-6fe2-4643-af2f-2f9cd773986d,8908000258723,"Atta, Rice, Oil & Dals",Oil,Jivo,Jivo Wellness Pvt. Ltd.,946950b7-1ce2-4bdf-a7c4-37499e3f5f34,32
Meerut,Jivo Extra Virgin Olive Oil | Bottle 1.0 LITER,5d186472-6fe2-4643-af2f-2f9cd773986d,8908000258723,"Atta, Rice, Oil & Dals",Oil,Jivo,Jivo Wellness Pvt. Ltd.,946950b7-1ce2-4bdf-a7c4-37499e3f5f34,2
Noida,Jivo Cold Press Sunflower Cooking Oil 1.0 LITER,06c8f55b-13a5-4d9b-8990-a418e63c89ad,8908000258235,"Atta, Rice, Oil & Dals",Oil,Jivo,Jivo Wellness Pvt. Ltd.,946950b7-1ce2-4bdf-a7c4-37499e3f5f34,27
Faridabad,Jivo Cold Press Sunflower Cooking Oil 1.0 LITER,06c8f55b-13a5-4d9b-8990-a418e63c89ad,8908000258235,"Atta, Rice, Oil & Dals",Oil,Jivo,Jivo Wellness Pvt. Ltd.,946950b7-1ce2-4bdf-a7c4-37499e3f5f34,3
SAS Nagar,Jivo Cold Press Sunflower Cooking Oil 1.0 LITER,06c8f55b-13a5-4d9b-8990-a418e63c89ad,8908000258235,"Atta, Rice, Oil & Dals",Oil,Jivo,Jivo Wellness Pvt. Ltd.,946950b7-1ce2-4bdf-a7c4-37499e3f5f34,6
Mumbai,Jivo Cold Press Sunflower Cooking Oil 1.0 LITER,06c8f55b-13a5-4d9b-8990-a418e63c89ad,8908000258235,"Atta, Rice, Oil & Dals",Oil,Jivo,Jivo Wellness Pvt. Ltd.,946950b7-1ce2-4bdf-a7c4-37499e3f5f34,169
Gurugram,Jivo Cold Press Sunflower Cooking Oil 1.0 LITER,06c8f55b-13a5-4d9b-8990-a418e63c89ad,8908000258235,"Atta, Rice, Oil & Dals",Oil,Jivo,Jivo Wellness Pvt. Ltd.,946950b7-1ce2-4bdf-a7c4-37499e3f5f34,69
Gurugram,Jivo So-Olive Blend Of Rice Bran and Olive Oil 1.0 LITER,dc9c5857-5d89-45c7-895a-373097239ff7,8905604002080,"Atta, Rice, Oil & Dals",Oil,Jivo,Jivo Wellness Pvt. Ltd.,946950b7-1ce2-4bdf-a7c4-37499e3f5f34,6
Lucknow,Jivo So-Olive Blend Of Rice Bran and Olive Oil 1.0 LITER,dc9c5857-5d89-45c7-895a-373097239ff7,8905604002080,"Atta, Rice, Oil & Dals",Oil,Jivo,Jivo Wellness Pvt. Ltd.,946950b7-1ce2-4bdf-a7c4-37499e3f5f34,6
Patiala,Jivo So-Olive Blend Of Rice Bran and Olive Oil 1.0 LITER,dc9c5857-5d89-45c7-895a-373097239ff7,8905604002080,"Atta, Rice, Oil & Dals",Oil,Jivo,Jivo Wellness Pvt. Ltd.,946950b7-1ce2-4bdf-a7c4-37499e3f5f34,2
Delhi,Jivo So-Olive Blend Of Rice Bran and Olive Oil 1.0 LITER,dc9c5857-5d89-45c7-895a-373097239ff7,8905604002080,"Atta, Rice, Oil & Dals",Oil,Jivo,Jivo Wellness Pvt. Ltd.,946950b7-1ce2-4bdf-a7c4-37499e3f5f34,5
Kanpur,Jivo So-Olive Blend Of Rice Bran and Olive Oil 1.0 LITER,dc9c5857-5d89-45c7-895a-373097239ff7,8905604002080,"Atta, Rice, Oil & Dals",Oil,Jivo,Jivo Wellness Pvt. Ltd.,946950b7-1ce2-4bdf-a7c4-37499e3f5f34,1
Hyderabad,Jivo Mustard oil Tin 15.0 LITER,f0a1ac3e-3c19-4701-a378-f89de69514e2,8908000258303,"Atta, Rice, Oil & Dals",Oil,Jivo,Jivo Wellness Pvt. Ltd.,946950b7-1ce2-4bdf-a7c4-37499e3f5f34,2
Chennai,Jivo Extra Virgin Cooking Olive Oil 5.0 LITER,c80ef4de-b2c3-4fb4-984b-4cb29b33db33,8905604000000,"Atta, Rice, Oil & Dals",Oil,Jivo,Jivo Wellness Pvt. Ltd.,946950b7-1ce2-4bdf-a7c4-37499e3f5f34,13
Noida,Jivo Extra Virgin Cooking Olive Oil 5.0 LITER,c80ef4de-b2c3-4fb4-984b-4cb29b33db33,8905604000000,"Atta, Rice, Oil & Dals",Oil,Jivo,Jivo Wellness Pvt. Ltd.,946950b7-1ce2-4bdf-a7c4-37499e3f5f34,6
Nashik,Jivo Extra Virgin Cooking Olive Oil 5.0 LITER,c80ef4de-b2c3-4fb4-984b-4cb29b33db33,8905604000000,"Atta, Rice, Oil & Dals",Oil,Jivo,Jivo Wellness Pvt. Ltd.,946950b7-1ce2-4bdf-a7c4-37499e3f5f34,1
Jaipur,Jivo Extra Virgin Cooking Olive Oil 5.0 LITER,c80ef4de-b2c3-4fb4-984b-4cb29b33db33,8905604000000,"Atta, Rice, Oil & Dals",Oil,Jivo,Jivo Wellness Pvt. Ltd.,946950b7-1ce2-4bdf-a7c4-37499e3f5f34,2
Lucknow,Jivo Extra Virgin Cooking Olive Oil 5.0 LITER,c80ef4de-b2c3-4fb4-984b-4cb29b33db33,8905604000000,"Atta, Rice, Oil & Dals",Oil,Jivo,Jivo Wellness Pvt. Ltd.,946950b7-1ce2-4bdf-a7c4-37499e3f5f34,3
Kanpur,Jivo Extra Virgin Olive Oil | Bottle 1.0 LITER,5d186472-6fe2-4643-af2f-2f9cd773986d,8908000258723,"Atta, Rice, Oil & Dals",Oil,Jivo,Jivo Wellness Pvt. Ltd.,946950b7-1ce2-4bdf-a7c4-37499e3f5f34,13
Jalandhar,Jivo Cold Press Groundnut Cooking Oil 1.0 LITER,41367ef4-80d9-4819-bbae-d1806c184f5c,8905604001199,"Atta, Rice, Oil & Dals",Oil,Jivo,Jivo Wellness Pvt. Ltd.,946950b7-1ce2-4bdf-a7c4-37499e3f5f34,1
Meerut,Jivo Cold Press Groundnut Cooking Oil 1.0 LITER,41367ef4-80d9-4819-bbae-d1806c184f5c,8905604001199,"Atta, Rice, Oil & Dals",Oil,Jivo,Jivo Wellness Pvt. Ltd.,946950b7-1ce2-4bdf-a7c4-37499e3f5f34,1
Chennai,Jivo Extra Virgin Olive Oil | Bottle 1.0 LITER,5d186472-6fe2-4643-af2f-2f9cd773986d,8908000258723,"Atta, Rice, Oil & Dals",Oil,Jivo,Jivo Wellness Pvt. Ltd.,946950b7-1ce2-4bdf-a7c4-37499e3f5f34,12
Bengaluru,Jivo Cold Press Kachi Ghani Mustard Oil 5.0 LITER,275d43f8-2da4-4d9e-8873-e04fcaf5c073,8908000258204,"Atta, Rice, Oil & Dals",Oil,Jivo,Jivo Wellness Pvt. Ltd.,946950b7-1ce2-4bdf-a7c4-37499e3f5f34,5
Ludhiana,Jivo Extra Virgin Olive Oil | Bottle 1.0 LITER,5d186472-6fe2-4643-af2f-2f9cd773986d,8908000258723,"Atta, Rice, Oil & Dals",Oil,Jivo,Jivo Wellness Pvt. Ltd.,946950b7-1ce2-4bdf-a7c4-37499e3f5f34,5
Dehradun,Jivo Cold Press Groundnut Cooking Oil 1.0 LITER,41367ef4-80d9-4819-bbae-d1806c184f5c,8905604001199,"Atta, Rice, Oil & Dals",Oil,Jivo,Jivo Wellness Pvt. Ltd.,946950b7-1ce2-4bdf-a7c4-37499e3f5f34,11
Kota,Jivo Extra Virgin Olive Oil | Bottle 1.0 LITER,5d186472-6fe2-4643-af2f-2f9cd773986d,8908000258723,"Atta, Rice, Oil & Dals",Oil,Jivo,Jivo Wellness Pvt. Ltd.,946950b7-1ce2-4bdf-a7c4-37499e3f5f34,1
Noida,Jivo Gold Refined Oil Blend Of Rice Bran Oil and Sunflower Oil 1.0 LITER,bc1af3d1-2a14-4296-b38e-e05ba43c3170,8905604001076,"Atta, Rice, Oil & Dals",Oil,Jivo,Jivo Wellness Pvt. Ltd.,946950b7-1ce2-4bdf-a7c4-37499e3f5f34,4
Jaipur,Jivo Cold Press Groundnut Cooking Oil 1.0 LITER,41367ef4-80d9-4819-bbae-d1806c184f5c,8905604001199,"Atta, Rice, Oil & Dals",Oil,Jivo,Jivo Wellness Pvt. Ltd.,946950b7-1ce2-4bdf-a7c4-37499e3f5f34,25
Chandigarh,Jivo Extra Virgin Olive Oil | Bottle 1.0 LITER,5d186472-6fe2-4643-af2f-2f9cd773986d,8908000258723,"Atta, Rice, Oil & Dals",Oil,Jivo,Jivo Wellness Pvt. Ltd.,946950b7-1ce2-4bdf-a7c4-37499e3f5f34,4
Pune,Jivo Cold Press Groundnut Cooking Oil 1.0 LITER,41367ef4-80d9-4819-bbae-d1806c184f5c,8905604001199,"Atta, Rice, Oil & Dals",Oil,Jivo,Jivo Wellness Pvt. Ltd.,946950b7-1ce2-4bdf-a7c4-37499e3f5f34,1
Gurugram,Jivo Gold Refined Oil Blend Of Rice Bran Oil and Sunflower Oil 1.0 LITER,bc1af3d1-2a14-4296-b38e-e05ba43c3170,8905604001076,"Atta, Rice, Oil & Dals",Oil,Jivo,Jivo Wellness Pvt. Ltd.,946950b7-1ce2-4bdf-a7c4-37499e3f5f34,20
Amritsar,Jivo Extra Virgin Olive Oil | Bottle 1.0 LITER,5d186472-6fe2-4643-af2f-2f9cd773986d,8908000258723,"Atta, Rice, Oil & Dals",Oil,Jivo,Jivo Wellness Pvt. Ltd.,946950b7-1ce2-4bdf-a7c4-37499e3f5f34,3
Chennai,Jivo Cold Press Kachi Ghani Mustard Oil 5.0 LITER,275d43f8-2da4-4d9e-8873-e04fcaf5c073,8908000258204,"Atta, Rice, Oil & Dals",Oil,Jivo,Jivo Wellness Pvt. Ltd.,946950b7-1ce2-4bdf-a7c4-37499e3f5f34,5
Hyderabad,Jivo Canola Pouch 1.0 LITER,acb567de-41a5-43b9-a075-baeeed763c73,8908000258129,"Atta, Rice, Oil & Dals",Oil,Jivo,Jivo Wellness Pvt. Ltd.,946950b7-1ce2-4bdf-a7c4-37499e3f5f34,5
Chennai,Jivo Canola Pouch 1.0 LITER,acb567de-41a5-43b9-a075-baeeed763c73,8908000258129,"Atta, Rice, Oil & Dals",Oil,Jivo,Jivo Wellness Pvt. Ltd.,946950b7-1ce2-4bdf-a7c4-37499e3f5f34,16
Bareilly,Jivo Cold Press Kachi Ghani Mustard Oil 1.0 LITER,89804a83-79f3-45c6-b940-9c395451dffa,8908000258198,"Atta, Rice, Oil & Dals",Oil,Jivo,Jivo Wellness Pvt. Ltd.,946950b7-1ce2-4bdf-a7c4-37499e3f5f34,1
Noida,Jivo Cold Press Kachi Ghani Mustard Oil 1.0 LITER,89804a83-79f3-45c6-b940-9c395451dffa,8908000258198,"Atta, Rice, Oil & Dals",Oil,Jivo,Jivo Wellness Pvt. Ltd.,946950b7-1ce2-4bdf-a7c4-37499e3f5f34,57
Mumbai,Jivo Cold Press Kachi Ghani Mustard Oil 1.0 LITER,89804a83-79f3-45c6-b940-9c395451dffa,8908000258198,"Atta, Rice, Oil & Dals",Oil,Jivo,Jivo Wellness Pvt. Ltd.,946950b7-1ce2-4bdf-a7c4-37499e3f5f34,195
Hisar,Jivo Extra Light Olive Oil 2.0 LITER,29e72c8c-7ff6-46e2-9721-ca4e9f612e98,8908000258402,"Atta, Rice, Oil & Dals",Oil,Jivo,Jivo Wellness Pvt. Ltd.,946950b7-1ce2-4bdf-a7c4-37499e3f5f34,2
Udaipur,Jivo Extra Light Olive Oil 2.0 LITER,29e72c8c-7ff6-46e2-9721-ca4e9f612e98,8908000258402,"Atta, Rice, Oil & Dals",Oil,Jivo,Jivo Wellness Pvt. Ltd.,946950b7-1ce2-4bdf-a7c4-37499e3f5f34,2
Ambala,Jivo Extra Light Olive Oil 2.0 LITER,29e72c8c-7ff6-46e2-9721-ca4e9f612e98,8908000258402,"Atta, Rice, Oil & Dals",Oil,Jivo,Jivo Wellness Pvt. Ltd.,946950b7-1ce2-4bdf-a7c4-37499e3f5f34,3
Hyderabad,Jivo Extra Light Olive Oil 2.0 LITER,29e72c8c-7ff6-46e2-9721-ca4e9f612e98,8908000258402,"Atta, Rice, Oil & Dals",Oil,Jivo,Jivo Wellness Pvt. Ltd.,946950b7-1ce2-4bdf-a7c4-37499e3f5f34,30
Surat,Jivo Extra Light Olive Oil 2.0 LITER,29e72c8c-7ff6-46e2-9721-ca4e9f612e98,8908000258402,"Atta, Rice, Oil & Dals",Oil,Jivo,Jivo Wellness Pvt. Ltd.,946950b7-1ce2-4bdf-a7c4-37499e3f5f34,6
Gurugram,Jivo Extra Light Olive Oil 2.0 LITER,29e72c8c-7ff6-46e2-9721-ca4e9f612e98,8908000258402,"Atta, Rice, Oil & Dals",Oil,Jivo,Jivo Wellness Pvt. Ltd.,946950b7-1ce2-4bdf-a7c4-37499e3f5f34,73
Delhi,Jivo Extra Light Olive Oil 2.0 LITER,29e72c8c-7ff6-46e2-9721-ca4e9f612e98,8908000258402,"Atta, Rice, Oil & Dals",Oil,Jivo,Jivo Wellness Pvt. Ltd.,946950b7-1ce2-4bdf-a7c4-37499e3f5f34,61
Kanpur,Jivo Extra Light Olive Oil 2.0 LITER,29e72c8c-7ff6-46e2-9721-ca4e9f612e98,8908000258402,"Atta, Rice, Oil & Dals",Oil,Jivo,Jivo Wellness Pvt. Ltd.,946950b7-1ce2-4bdf-a7c4-37499e3f5f34,13
Kochi,Jivo Extra Light Olive Oil 2.0 LITER,29e72c8c-7ff6-46e2-9721-ca4e9f612e98,8908000258402,"Atta, Rice, Oil & Dals",Oil,Jivo,Jivo Wellness Pvt. Ltd.,946950b7-1ce2-4bdf-a7c4-37499e3f5f34,1
Faridabad,Jivo Extra Light Olive Oil 2.0 LITER,29e72c8c-7ff6-46e2-9721-ca4e9f612e98,8908000258402,"Atta, Rice, Oil & Dals",Oil,Jivo,Jivo Wellness Pvt. Ltd.,946950b7-1ce2-4bdf-a7c4-37499e3f5f34,17
SAS Nagar,Jivo Extra Light Olive Oil 2.0 LITER,29e72c8c-7ff6-46e2-9721-ca4e9f612e98,8908000258402,"Atta, Rice, Oil & Dals",Oil,Jivo,Jivo Wellness Pvt. Ltd.,946950b7-1ce2-4bdf-a7c4-37499e3f5f34,21
Kochi,Jivo Daily Cooking Extra Light Olive Oil 5.0 LITER,ca5e32db-f7af-45b7-b5cd-ef7f1055e8e7,8908000258228,"Atta, Rice, Oil & Dals",Oil,Jivo,Jivo Wellness Pvt. Ltd.,946950b7-1ce2-4bdf-a7c4-37499e3f5f34,1
Mumbai,Jivo Daily Cooking Extra Light Olive Oil 5.0 LITER,ca5e32db-f7af-45b7-b5cd-ef7f1055e8e7,8908000258228,"Atta, Rice, Oil & Dals",Oil,Jivo,Jivo Wellness Pvt. Ltd.,946950b7-1ce2-4bdf-a7c4-37499e3f5f34,1
Faridabad,Jivo Pomace Olive Oil 5.0 LITER,a81945f0-43ac-4970-82b4-c6c8986ee9ae,8908000258457,"Atta, Rice, Oil & Dals",Oil,Jivo,Jivo Wellness Pvt. Ltd.,946950b7-1ce2-4bdf-a7c4-37499e3f5f34,2
Pune,Jivo Pomace Olive Oil 5.0 LITER,a81945f0-43ac-4970-82b4-c6c8986ee9ae,8908000258457,"Atta, Rice, Oil & Dals",Oil,Jivo,Jivo Wellness Pvt. Ltd.,946950b7-1ce2-4bdf-a7c4-37499e3f5f34,10
Chennai,Jivo Pomace Olive Oil 5.0 LITER,a81945f0-43ac-4970-82b4-c6c8986ee9ae,8908000258457,"Atta, Rice, Oil & Dals",Oil,Jivo,Jivo Wellness Pvt. Ltd.,946950b7-1ce2-4bdf-a7c4-37499e3f5f34,6
Mumbai,Jivo Rice Bran Daily Cooking Oil 1.0 LITER,4acb73bc-1e89-47d8-8625-05e6a34b698b,8905604002059,"Atta, Rice, Oil & Dals",Oil,Jivo,Jivo Wellness Pvt. Ltd.,946950b7-1ce2-4bdf-a7c4-37499e3f5f34,15
Noida,Jivo Rice Bran Daily Cooking Oil 1.0 LITER,4acb73bc-1e89-47d8-8625-05e6a34b698b,8905604002059,"Atta, Rice, Oil & Dals",Oil,Jivo,Jivo Wellness Pvt. Ltd.,946950b7-1ce2-4bdf-a7c4-37499e3f5f34,11
Lucknow,Jivo Cold Press Canola Oil Combo | Bottle 2.0 LITER,50b56b7f-3d9f-45c7-8161-c2327e8db652,8908000258181,"Atta, Rice, Oil & Dals",Oil,Jivo,Jivo Wellness Pvt. Ltd.,946950b7-1ce2-4bdf-a7c4-37499e3f5f34,45
Chennai,Jivo Cold Press Canola Oil Combo | Bottle 2.0 LITER,50b56b7f-3d9f-45c7-8161-c2327e8db652,8908000258181,"Atta, Rice, Oil & Dals",Oil,Jivo,Jivo Wellness Pvt. Ltd.,946950b7-1ce2-4bdf-a7c4-37499e3f5f34,6
Surat,Jivo Cold Press Canola Oil Combo | Bottle 2.0 LITER,50b56b7f-3d9f-45c7-8161-c2327e8db652,8908000258181,"Atta, Rice, Oil & Dals",Oil,Jivo,Jivo Wellness Pvt. Ltd.,946950b7-1ce2-4bdf-a7c4-37499e3f5f34,5
Jaipur,Jivo Cold Press Canola Oil Combo | Bottle 2.0 LITER,50b56b7f-3d9f-45c7-8161-c2327e8db652,8908000258181,"Atta, Rice, Oil & Dals",Oil,Jivo,Jivo Wellness Pvt. Ltd.,946950b7-1ce2-4bdf-a7c4-37499e3f5f34,29
Bhiwadi,Jivo Cold Press Canola Oil Combo | Bottle 2.0 LITER,50b56b7f-3d9f-45c7-8161-c2327e8db652,8908000258181,"Atta, Rice, Oil & Dals",Oil,Jivo,Jivo Wellness Pvt. Ltd.,946950b7-1ce2-4bdf-a7c4-37499e3f5f34,2
Kota,Jivo Cold Press Canola Oil Combo | Bottle 2.0 LITER,50b56b7f-3d9f-45c7-8161-c2327e8db652,8908000258181,"Atta, Rice, Oil & Dals",Oil,Jivo,Jivo Wellness Pvt. Ltd.,946950b7-1ce2-4bdf-a7c4-37499e3f5f34,3
Sonipat,Jivo Cold Press Canola Oil Combo | Bottle 2.0 LITER,50b56b7f-3d9f-45c7-8161-c2327e8db652,8908000258181,"Atta, Rice, Oil & Dals",Oil,Jivo,Jivo Wellness Pvt. Ltd.,946950b7-1ce2-4bdf-a7c4-37499e3f5f34,1
Dehradun,Jivo Cold Press Canola Oil Combo | Bottle 2.0 LITER,50b56b7f-3d9f-45c7-8161-c2327e8db652,8908000258181,"Atta, Rice, Oil & Dals",Oil,Jivo,Jivo Wellness Pvt. Ltd.,946950b7-1ce2-4bdf-a7c4-37499e3f5f34,7
SAS Nagar,Jivo Cold Press Canola Oil Combo | Bottle 2.0 LITER,50b56b7f-3d9f-45c7-8161-c2327e8db652,8908000258181,"Atta, Rice, Oil & Dals",Oil,Jivo,Jivo Wellness Pvt. Ltd.,946950b7-1ce2-4bdf-a7c4-37499e3f5f34,11
Chennai,Jivo Pomace Olive Oil 1.0 LITER,ac9a7dd8-489b-4475-a14d-27ae393a5505,8908000258549,"Atta, Rice, Oil & Dals",Oil,Jivo,Jivo Wellness Pvt. Ltd.,946950b7-1ce2-4bdf-a7c4-37499e3f5f34,2
Lucknow,Jivo Pomace Olive Oil 1.0 LITER,ac9a7dd8-489b-4475-a14d-27ae393a5505,8908000258549,"Atta, Rice, Oil & Dals",Oil,Jivo,Jivo Wellness Pvt. Ltd.,946950b7-1ce2-4bdf-a7c4-37499e3f5f34,25
Noida,Jivo Extra Light Olive Oil 1.0 LITER,2300d5e1-ccd1-46ab-990d-aa7fee80bc5d,8908000258211,"Atta, Rice, Oil & Dals",Oil,Jivo,Jivo Wellness Pvt. Ltd.,946950b7-1ce2-4bdf-a7c4-37499e3f5f34,12
Pune,Jivo Extra Light Olive Oil 1.0 LITER,2300d5e1-ccd1-46ab-990d-aa7fee80bc5d,8908000258211,"Atta, Rice, Oil & Dals",Oil,Jivo,Jivo Wellness Pvt. Ltd.,946950b7-1ce2-4bdf-a7c4-37499e3f5f34,25
Kanpur,Jivo Extra Light Olive Oil 1.0 LITER,2300d5e1-ccd1-46ab-990d-aa7fee80bc5d,8908000258211,"Atta, Rice, Oil & Dals",Oil,Jivo,Jivo Wellness Pvt. Ltd.,946950b7-1ce2-4bdf-a7c4-37499e3f5f34,4
Hyderabad,Jivo Extra Light Olive Oil 1.0 LITER,2300d5e1-ccd1-46ab-990d-aa7fee80bc5d,8908000258211,"Atta, Rice, Oil & Dals",Oil,Jivo,Jivo Wellness Pvt. Ltd.,946950b7-1ce2-4bdf-a7c4-37499e3f5f34,62
Kolkata,Jivo Extra Light Olive Oil 1.0 LITER,2300d5e1-ccd1-46ab-990d-aa7fee80bc5d,8908000258211,"Atta, Rice, Oil & Dals",Oil,Jivo,Jivo Wellness Pvt. Ltd.,946950b7-1ce2-4bdf-a7c4-37499e3f5f34,0
Bengaluru,Jivo Refine Canola oil Tin 15.0 LITER,b84e15b9-39c8-4f7e-bc24-bab7300641cc,8908000258051,"Atta, Rice, Oil & Dals",Oil,Jivo,Jivo Wellness Pvt. Ltd.,946950b7-1ce2-4bdf-a7c4-37499e3f5f34,1
Jaipur,Jivo Cold Press Kachi Ghani Mustard Oil 1.0 LITER,89804a83-79f3-45c6-b940-9c395451dffa,8908000258198,"Atta, Rice, Oil & Dals",Oil,Jivo,Jivo Wellness Pvt. Ltd.,946950b7-1ce2-4bdf-a7c4-37499e3f5f34,22
Gurugram,Jivo Cold Press Kachi Ghani Mustard Oil 1.0 LITER,89804a83-79f3-45c6-b940-9c395451dffa,8908000258198,"Atta, Rice, Oil & Dals",Oil,Jivo,Jivo Wellness Pvt. Ltd.,946950b7-1ce2-4bdf-a7c4-37499e3f5f34,250
Patiala,Jivo Extra Light Olive Oil 2.0 LITER,29e72c8c-7ff6-46e2-9721-ca4e9f612e98,8908000258402,"Atta, Rice, Oil & Dals",Oil,Jivo,Jivo Wellness Pvt. Ltd.,946950b7-1ce2-4bdf-a7c4-37499e3f5f34,3
Agra,Jivo Extra Light Olive Oil 2.0 LITER,29e72c8c-7ff6-46e2-9721-ca4e9f612e98,8908000258402,"Atta, Rice, Oil & Dals",Oil,Jivo,Jivo Wellness Pvt. Ltd.,946950b7-1ce2-4bdf-a7c4-37499e3f5f34,5
Kurukshetra,Jivo Extra Light Olive Oil 2.0 LITER,29e72c8c-7ff6-46e2-9721-ca4e9f612e98,8908000258402,"Atta, Rice, Oil & Dals",Oil,Jivo,Jivo Wellness Pvt. Ltd.,946950b7-1ce2-4bdf-a7c4-37499e3f5f34,3
Rajkot,Jivo Extra Light Olive Oil 2.0 LITER,29e72c8c-7ff6-46e2-9721-ca4e9f612e98,8908000258402,"Atta, Rice, Oil & Dals",Oil,Jivo,Jivo Wellness Pvt. Ltd.,946950b7-1ce2-4bdf-a7c4-37499e3f5f34,2
Jalandhar,Jivo Extra Light Olive Oil 2.0 LITER,29e72c8c-7ff6-46e2-9721-ca4e9f612e98,8908000258402,"Atta, Rice, Oil & Dals",Oil,Jivo,Jivo Wellness Pvt. Ltd.,946950b7-1ce2-4bdf-a7c4-37499e3f5f34,2
Amritsar,Jivo Extra Light Olive Oil 2.0 LITER,29e72c8c-7ff6-46e2-9721-ca4e9f612e98,8908000258402,"Atta, Rice, Oil & Dals",Oil,Jivo,Jivo Wellness Pvt. Ltd.,946950b7-1ce2-4bdf-a7c4-37499e3f5f34,1
Ghaziabad,Jivo Extra Light Olive Oil 2.0 LITER,29e72c8c-7ff6-46e2-9721-ca4e9f612e98,8908000258402,"Atta, Rice, Oil & Dals",Oil,Jivo,Jivo Wellness Pvt. Ltd.,946950b7-1ce2-4bdf-a7c4-37499e3f5f34,22
Bareilly,Jivo Extra Light Olive Oil 2.0 LITER,29e72c8c-7ff6-46e2-9721-ca4e9f612e98,8908000258402,"Atta, Rice, Oil & Dals",Oil,Jivo,Jivo Wellness Pvt. Ltd.,946950b7-1ce2-4bdf-a7c4-37499e3f5f34,8
Mehsana,Jivo Extra Light Olive Oil 2.0 LITER,29e72c8c-7ff6-46e2-9721-ca4e9f612e98,8908000258402,"Atta, Rice, Oil & Dals",Oil,Jivo,Jivo Wellness Pvt. Ltd.,946950b7-1ce2-4bdf-a7c4-37499e3f5f34,1
Pune,Jivo Daily Cooking Extra Light Olive Oil 5.0 LITER,ca5e32db-f7af-45b7-b5cd-ef7f1055e8e7,8908000258228,"Atta, Rice, Oil & Dals",Oil,Jivo,Jivo Wellness Pvt. Ltd.,946950b7-1ce2-4bdf-a7c4-37499e3f5f34,1
Bengaluru,Jivo Daily Cooking Extra Light Olive Oil 5.0 LITER,ca5e32db-f7af-45b7-b5cd-ef7f1055e8e7,8908000258228,"Atta, Rice, Oil & Dals",Oil,Jivo,Jivo Wellness Pvt. Ltd.,946950b7-1ce2-4bdf-a7c4-37499e3f5f34,1
Hyderabad,Jivo Daily Cooking Extra Light Olive Oil 5.0 LITER,ca5e32db-f7af-45b7-b5cd-ef7f1055e8e7,8908000258228,"Atta, Rice, Oil & Dals",Oil,Jivo,Jivo Wellness Pvt. Ltd.,946950b7-1ce2-4bdf-a7c4-37499e3f5f34,5
Nashik,Jivo Pomace Olive Oil 5.0 LITER,a81945f0-43ac-4970-82b4-c6c8986ee9ae,8908000258457,"Atta, Rice, Oil & Dals",Oil,Jivo,Jivo Wellness Pvt. Ltd.,946950b7-1ce2-4bdf-a7c4-37499e3f5f34,1
Delhi,Jivo Pomace Olive Oil 5.0 LITER,a81945f0-43ac-4970-82b4-c6c8986ee9ae,8908000258457,"Atta, Rice, Oil & Dals",Oil,Jivo,Jivo Wellness Pvt. Ltd.,946950b7-1ce2-4bdf-a7c4-37499e3f5f34,69
Mumbai,Jivo Pomace Olive Oil 5.0 LITER,a81945f0-43ac-4970-82b4-c6c8986ee9ae,8908000258457,"Atta, Rice, Oil & Dals",Oil,Jivo,Jivo Wellness Pvt. Ltd.,946950b7-1ce2-4bdf-a7c4-37499e3f5f34,96
Ghaziabad,Jivo Rice Bran Daily Cooking Oil 1.0 LITER,4acb73bc-1e89-47d8-8625-05e6a34b698b,8905604002059,"Atta, Rice, Oil & Dals",Oil,Jivo,Jivo Wellness Pvt. Ltd.,946950b7-1ce2-4bdf-a7c4-37499e3f5f34,3
Bengaluru,Jivo Rice Bran Daily Cooking Oil 1.0 LITER,4acb73bc-1e89-47d8-8625-05e6a34b698b,8905604002059,"Atta, Rice, Oil & Dals",Oil,Jivo,Jivo Wellness Pvt. Ltd.,946950b7-1ce2-4bdf-a7c4-37499e3f5f34,106
Gurugram,Jivo Rice Bran Daily Cooking Oil 1.0 LITER,4acb73bc-1e89-47d8-8625-05e6a34b698b,8905604002059,"Atta, Rice, Oil & Dals",Oil,Jivo,Jivo Wellness Pvt. Ltd.,946950b7-1ce2-4bdf-a7c4-37499e3f5f34,13
Kanpur,Jivo Cold Press Canola Oil Combo | Bottle 2.0 LITER,50b56b7f-3d9f-45c7-8161-c2327e8db652,8908000258181,"Atta, Rice, Oil & Dals",Oil,Jivo,Jivo Wellness Pvt. Ltd.,946950b7-1ce2-4bdf-a7c4-37499e3f5f34,11
Bengaluru,Jivo Cold Press Canola Oil Combo | Bottle 2.0 LITER,50b56b7f-3d9f-45c7-8161-c2327e8db652,8908000258181,"Atta, Rice, Oil & Dals",Oil,Jivo,Jivo Wellness Pvt. Ltd.,946950b7-1ce2-4bdf-a7c4-37499e3f5f34,209
Udaipur,Jivo Cold Press Canola Oil Combo | Bottle 2.0 LITER,50b56b7f-3d9f-45c7-8161-c2327e8db652,8908000258181,"Atta, Rice, Oil & Dals",Oil,Jivo,Jivo Wellness Pvt. Ltd.,946950b7-1ce2-4bdf-a7c4-37499e3f5f34,1
Mehsana,Jivo Cold Press Canola Oil Combo | Bottle 2.0 LITER,50b56b7f-3d9f-45c7-8161-c2327e8db652,8908000258181,"Atta, Rice, Oil & Dals",Oil,Jivo,Jivo Wellness Pvt. Ltd.,946950b7-1ce2-4bdf-a7c4-37499e3f5f34,1
Pune,Jivo Cold Press Canola Oil Combo | Bottle 2.0 LITER,50b56b7f-3d9f-45c7-8161-c2327e8db652,8908000258181,"Atta, Rice, Oil & Dals",Oil,Jivo,Jivo Wellness Pvt. Ltd.,946950b7-1ce2-4bdf-a7c4-37499e3f5f34,1
Faridabad,Jivo Cold Press Canola Oil Combo | Bottle 2.0 LITER,50b56b7f-3d9f-45c7-8161-c2327e8db652,8908000258181,"Atta, Rice, Oil & Dals",Oil,Jivo,Jivo Wellness Pvt. Ltd.,946950b7-1ce2-4bdf-a7c4-37499e3f5f34,5
Ludhiana,Jivo Cold Press Canola Oil Combo | Bottle 2.0 LITER,50b56b7f-3d9f-45c7-8161-c2327e8db652,8908000258181,"Atta, Rice, Oil & Dals",Oil,Jivo,Jivo Wellness Pvt. Ltd.,946950b7-1ce2-4bdf-a7c4-37499e3f5f34,3
Mumbai,Jivo Cold Press Canola Oil Combo | Bottle 2.0 LITER,50b56b7f-3d9f-45c7-8161-c2327e8db652,8908000258181,"Atta, Rice, Oil & Dals",Oil,Jivo,Jivo Wellness Pvt. Ltd.,946950b7-1ce2-4bdf-a7c4-37499e3f5f34,53
Jhajjar,Jivo Cold Press Canola Oil Combo | Bottle 2.0 LITER,50b56b7f-3d9f-45c7-8161-c2327e8db652,8908000258181,"Atta, Rice, Oil & Dals",Oil,Jivo,Jivo Wellness Pvt. Ltd.,946950b7-1ce2-4bdf-a7c4-37499e3f5f34,3
Gurugram,Jivo Cold Press Canola Oil Combo | Bottle 2.0 LITER,50b56b7f-3d9f-45c7-8161-c2327e8db652,8908000258181,"Atta, Rice, Oil & Dals",Oil,Jivo,Jivo Wellness Pvt. Ltd.,946950b7-1ce2-4bdf-a7c4-37499e3f5f34,46
Prayagraj,Jivo Cold Press Canola Oil Combo | Bottle 2.0 LITER,50b56b7f-3d9f-45c7-8161-c2327e8db652,8908000258181,"Atta, Rice, Oil & Dals",Oil,Jivo,Jivo Wellness Pvt. Ltd.,946950b7-1ce2-4bdf-a7c4-37499e3f5f34,3
Ahmedabad,Jivo Cold Press Canola Oil Combo | Bottle 2.0 LITER,50b56b7f-3d9f-45c7-8161-c2327e8db652,8908000258181,"Atta, Rice, Oil & Dals",Oil,Jivo,Jivo Wellness Pvt. Ltd.,946950b7-1ce2-4bdf-a7c4-37499e3f5f34,3
Chandigarh,Jivo Cold Press Canola Oil Combo | Bottle 2.0 LITER,50b56b7f-3d9f-45c7-8161-c2327e8db652,8908000258181,"Atta, Rice, Oil & Dals",Oil,Jivo,Jivo Wellness Pvt. Ltd.,946950b7-1ce2-4bdf-a7c4-37499e3f5f34,2
Kochi,Jivo Canola Cold Press Edible Oil 5.0 LITER,c935f17d-04d3-4785-b2dd-bd8e7c7ebcbe,8908000258365,"Atta, Rice, Oil & Dals",Oil,Jivo,Jivo Wellness Pvt. Ltd.,946950b7-1ce2-4bdf-a7c4-37499e3f5f34,2
Pune,Jivo Canola Cold Press Edible Oil 5.0 LITER,c935f17d-04d3-4785-b2dd-bd8e7c7ebcbe,8908000258365,"Atta, Rice, Oil & Dals",Oil,Jivo,Jivo Wellness Pvt. Ltd.,946950b7-1ce2-4bdf-a7c4-37499e3f5f34,1
Bengaluru,Jivo Canola Cold Press Edible Oil 5.0 LITER,c935f17d-04d3-4785-b2dd-bd8e7c7ebcbe,8908000258365,"Atta, Rice, Oil & Dals",Oil,Jivo,Jivo Wellness Pvt. Ltd.,946950b7-1ce2-4bdf-a7c4-37499e3f5f34,1
Dehradun,Jivo Extra Light Olive Oil 1.0 LITER,2300d5e1-ccd1-46ab-990d-aa7fee80bc5d,8908000258211,"Atta, Rice, Oil & Dals",Oil,Jivo,Jivo Wellness Pvt. Ltd.,946950b7-1ce2-4bdf-a7c4-37499e3f5f34,4
Pune,Jivo Pomace Olive Oil 1.0 LITER,ac9a7dd8-489b-4475-a14d-27ae393a5505,8908000258549,"Atta, Rice, Oil & Dals",Oil,Jivo,Jivo Wellness Pvt. Ltd.,946950b7-1ce2-4bdf-a7c4-37499e3f5f34,44
Mumbai,Jivo Extra Light Olive Oil 1.0 LITER,2300d5e1-ccd1-46ab-990d-aa7fee80bc5d,8908000258211,"Atta, Rice, Oil & Dals",Oil,Jivo,Jivo Wellness Pvt. Ltd.,946950b7-1ce2-4bdf-a7c4-37499e3f5f34,127
Faridabad,Jivo Extra Light Olive Oil 1.0 LITER,2300d5e1-ccd1-46ab-990d-aa7fee80bc5d,8908000258211,"Atta, Rice, Oil & Dals",Oil,Jivo,Jivo Wellness Pvt. Ltd.,946950b7-1ce2-4bdf-a7c4-37499e3f5f34,2
Gurugram,Jivo Pomace Olive Oil 1.0 LITER,ac9a7dd8-489b-4475-a14d-27ae393a5505,8908000258549,"Atta, Rice, Oil & Dals",Oil,Jivo,Jivo Wellness Pvt. Ltd.,946950b7-1ce2-4bdf-a7c4-37499e3f5f34,117
Noida,Jivo Pomace Olive Oil 1.0 LITER,ac9a7dd8-489b-4475-a14d-27ae393a5505,8908000258549,"Atta, Rice, Oil & Dals",Oil,Jivo,Jivo Wellness Pvt. Ltd.,946950b7-1ce2-4bdf-a7c4-37499e3f5f34,27
Ghaziabad,Jivo Pomace Olive Oil 1.0 LITER,ac9a7dd8-489b-4475-a14d-27ae393a5505,8908000258549,"Atta, Rice, Oil & Dals",Oil,Jivo,Jivo Wellness Pvt. Ltd.,946950b7-1ce2-4bdf-a7c4-37499e3f5f34,17
Varanasi,Jivo Pomace Olive Oil 1.0 LITER,ac9a7dd8-489b-4475-a14d-27ae393a5505,8908000258549,"Atta, Rice, Oil & Dals",Oil,Jivo,Jivo Wellness Pvt. Ltd.,946950b7-1ce2-4bdf-a7c4-37499e3f5f34,1
Nashik,Jivo Pomace Olive Oil 1.0 LITER,ac9a7dd8-489b-4475-a14d-27ae393a5505,8908000258549,"Atta, Rice, Oil & Dals",Oil,Jivo,Jivo Wellness Pvt. Ltd.,946950b7-1ce2-4bdf-a7c4-37499e3f5f34,3
Chennai,Jivo Extra Light Olive Oil 1.0 LITER,2300d5e1-ccd1-46ab-990d-aa7fee80bc5d,8908000258211,"Atta, Rice, Oil & Dals",Oil,Jivo,Jivo Wellness Pvt. Ltd.,946950b7-1ce2-4bdf-a7c4-37499e3f5f34,1
Bengaluru,Jivo Daily Pomace Olive Oil 2.0 LITER,8eedf6ff-d36c-4313-88e4-6aa571372f46,8905604000703,"Atta, Rice, Oil & Dals",Oil,Jivo,Jivo Wellness Pvt. Ltd.,946950b7-1ce2-4bdf-a7c4-37499e3f5f34,145
Chennai,Jivo Daily Pomace Olive Oil 2.0 LITER,8eedf6ff-d36c-4313-88e4-6aa571372f46,8905604000703,"Atta, Rice, Oil & Dals",Oil,Jivo,Jivo Wellness Pvt. Ltd.,946950b7-1ce2-4bdf-a7c4-37499e3f5f34,2
Ghaziabad,Jivo Cold Press Kachi Ghani Mustard Oil 1.0 LITER,89804a83-79f3-45c6-b940-9c395451dffa,8908000258198,"Atta, Rice, Oil & Dals",Oil,Jivo,Jivo Wellness Pvt. Ltd.,946950b7-1ce2-4bdf-a7c4-37499e3f5f34,16
Lucknow,Jivo Cold Press Kachi Ghani Mustard Oil 1.0 LITER,89804a83-79f3-45c6-b940-9c395451dffa,8908000258198,"Atta, Rice, Oil & Dals",Oil,Jivo,Jivo Wellness Pvt. Ltd.,946950b7-1ce2-4bdf-a7c4-37499e3f5f34,28
Chennai,Jivo So-Olive Blend Of Rice Bran and Olive Oil 5.0 LITER,23d058bc-043b-447c-bfcd-f393c1b9f6e9,8905604002073,"Atta, Rice, Oil & Dals",Oil,Jivo,Jivo Wellness Pvt. Ltd.,946950b7-1ce2-4bdf-a7c4-37499e3f5f34,3
Lucknow,Jivo So-Olive Blend Of Rice Bran and Olive Oil 5.0 LITER,23d058bc-043b-447c-bfcd-f393c1b9f6e9,8905604002073,"Atta, Rice, Oil & Dals",Oil,Jivo,Jivo Wellness Pvt. Ltd.,946950b7-1ce2-4bdf-a7c4-37499e3f5f34,1
Delhi,Jivo Cold Press Kachi Ghani Mustard Oil 1.0 LITER,89804a83-79f3-45c6-b940-9c395451dffa,8908000258198,"Atta, Rice, Oil & Dals",Oil,Jivo,Jivo Wellness Pvt. Ltd.,946950b7-1ce2-4bdf-a7c4-37499e3f5f34,33
Prayagraj,Jivo Extra Light Olive Oil 2.0 LITER,29e72c8c-7ff6-46e2-9721-ca4e9f612e98,8908000258402,"Atta, Rice, Oil & Dals",Oil,Jivo,Jivo Wellness Pvt. Ltd.,946950b7-1ce2-4bdf-a7c4-37499e3f5f34,4
Chennai,Jivo Extra Light Olive Oil 2.0 LITER,29e72c8c-7ff6-46e2-9721-ca4e9f612e98,8908000258402,"Atta, Rice, Oil & Dals",Oil,Jivo,Jivo Wellness Pvt. Ltd.,946950b7-1ce2-4bdf-a7c4-37499e3f5f34,1
Panipat,Jivo Extra Light Olive Oil 2.0 LITER,29e72c8c-7ff6-46e2-9721-ca4e9f612e98,8908000258402,"Atta, Rice, Oil & Dals",Oil,Jivo,Jivo Wellness Pvt. Ltd.,946950b7-1ce2-4bdf-a7c4-37499e3f5f34,1
Varanasi,Jivo Extra Light Olive Oil 2.0 LITER,29e72c8c-7ff6-46e2-9721-ca4e9f612e98,8908000258402,"Atta, Rice, Oil & Dals",Oil,Jivo,Jivo Wellness Pvt. Ltd.,946950b7-1ce2-4bdf-a7c4-37499e3f5f34,2
Dehradun,Jivo Extra Light Olive Oil 2.0 LITER,29e72c8c-7ff6-46e2-9721-ca4e9f612e98,8908000258402,"Atta, Rice, Oil & Dals",Oil,Jivo,Jivo Wellness Pvt. Ltd.,946950b7-1ce2-4bdf-a7c4-37499e3f5f34,13
Mysuru,Jivo Extra Light Olive Oil 2.0 LITER,29e72c8c-7ff6-46e2-9721-ca4e9f612e98,8908000258402,"Atta, Rice, Oil & Dals",Oil,Jivo,Jivo Wellness Pvt. Ltd.,946950b7-1ce2-4bdf-a7c4-37499e3f5f34,3
Jaipur,Jivo Extra Light Olive Oil 2.0 LITER,29e72c8c-7ff6-46e2-9721-ca4e9f612e98,8908000258402,"Atta, Rice, Oil & Dals",Oil,Jivo,Jivo Wellness Pvt. Ltd.,946950b7-1ce2-4bdf-a7c4-37499e3f5f34,27
Meerut,Jivo Extra Light Olive Oil 2.0 LITER,29e72c8c-7ff6-46e2-9721-ca4e9f612e98,8908000258402,"Atta, Rice, Oil & Dals",Oil,Jivo,Jivo Wellness Pvt. Ltd.,946950b7-1ce2-4bdf-a7c4-37499e3f5f34,3
Pune,Jivo Extra Light Olive Oil 2.0 LITER,29e72c8c-7ff6-46e2-9721-ca4e9f612e98,8908000258402,"Atta, Rice, Oil & Dals",Oil,Jivo,Jivo Wellness Pvt. Ltd.,946950b7-1ce2-4bdf-a7c4-37499e3f5f34,9
Ludhiana,Jivo Extra Light Olive Oil 2.0 LITER,29e72c8c-7ff6-46e2-9721-ca4e9f612e98,8908000258402,"Atta, Rice, Oil & Dals",Oil,Jivo,Jivo Wellness Pvt. Ltd.,946950b7-1ce2-4bdf-a7c4-37499e3f5f34,2
Chennai,Jivo Daily Cooking Extra Light Olive Oil 5.0 LITER,ca5e32db-f7af-45b7-b5cd-ef7f1055e8e7,8908000258228,"Atta, Rice, Oil & Dals",Oil,Jivo,Jivo Wellness Pvt. Ltd.,946950b7-1ce2-4bdf-a7c4-37499e3f5f34,4
Bengaluru,Jivo Pomace Olive Oil 5.0 LITER,a81945f0-43ac-4970-82b4-c6c8986ee9ae,8908000258457,"Atta, Rice, Oil & Dals",Oil,Jivo,Jivo Wellness Pvt. Ltd.,946950b7-1ce2-4bdf-a7c4-37499e3f5f34,167
Ghaziabad,Jivo Pomace Olive Oil 5.0 LITER,a81945f0-43ac-4970-82b4-c6c8986ee9ae,8908000258457,"Atta, Rice, Oil & Dals",Oil,Jivo,Jivo Wellness Pvt. Ltd.,946950b7-1ce2-4bdf-a7c4-37499e3f5f34,27
Hyderabad,Jivo Pomace Olive Oil 5.0 LITER,a81945f0-43ac-4970-82b4-c6c8986ee9ae,8908000258457,"Atta, Rice, Oil & Dals",Oil,Jivo,Jivo Wellness Pvt. Ltd.,946950b7-1ce2-4bdf-a7c4-37499e3f5f34,10
Kochi,Jivo Pomace Olive Oil 5.0 LITER,a81945f0-43ac-4970-82b4-c6c8986ee9ae,8908000258457,"Atta, Rice, Oil & Dals",Oil,Jivo,Jivo Wellness Pvt. Ltd.,946950b7-1ce2-4bdf-a7c4-37499e3f5f34,2
Lucknow,Jivo Rice Bran Daily Cooking Oil 1.0 LITER,4acb73bc-1e89-47d8-8625-05e6a34b698b,8905604002059,"Atta, Rice, Oil & Dals",Oil,Jivo,Jivo Wellness Pvt. Ltd.,946950b7-1ce2-4bdf-a7c4-37499e3f5f34,5
Faridabad,Jivo Rice Bran Daily Cooking Oil 1.0 LITER,4acb73bc-1e89-47d8-8625-05e6a34b698b,8905604002059,"Atta, Rice, Oil & Dals",Oil,Jivo,Jivo Wellness Pvt. Ltd.,946950b7-1ce2-4bdf-a7c4-37499e3f5f34,32
Ghaziabad,Jivo Cold Press Canola Oil Combo | Bottle 2.0 LITER,50b56b7f-3d9f-45c7-8161-c2327e8db652,8908000258181,"Atta, Rice, Oil & Dals",Oil,Jivo,Jivo Wellness Pvt. Ltd.,946950b7-1ce2-4bdf-a7c4-37499e3f5f34,11
Jalandhar,Jivo Cold Press Canola Oil Combo | Bottle 2.0 LITER,50b56b7f-3d9f-45c7-8161-c2327e8db652,8908000258181,"Atta, Rice, Oil & Dals",Oil,Jivo,Jivo Wellness Pvt. Ltd.,946950b7-1ce2-4bdf-a7c4-37499e3f5f34,3
Delhi,Jivo Cold Press Canola Oil Combo | Bottle 2.0 LITER,50b56b7f-3d9f-45c7-8161-c2327e8db652,8908000258181,"Atta, Rice, Oil & Dals",Oil,Jivo,Jivo Wellness Pvt. Ltd.,946950b7-1ce2-4bdf-a7c4-37499e3f5f34,48
Rajkot,Jivo Cold Press Canola Oil Combo | Bottle 2.0 LITER,50b56b7f-3d9f-45c7-8161-c2327e8db652,8908000258181,"Atta, Rice, Oil & Dals",Oil,Jivo,Jivo Wellness Pvt. Ltd.,946950b7-1ce2-4bdf-a7c4-37499e3f5f34,2
Haridwar,Jivo Cold Press Canola Oil Combo | Bottle 2.0 LITER,50b56b7f-3d9f-45c7-8161-c2327e8db652,8908000258181,"Atta, Rice, Oil & Dals",Oil,Jivo,Jivo Wellness Pvt. Ltd.,946950b7-1ce2-4bdf-a7c4-37499e3f5f34,2
Nashik,Jivo Cold Press Canola Oil Combo | Bottle 2.0 LITER,50b56b7f-3d9f-45c7-8161-c2327e8db652,8908000258181,"Atta, Rice, Oil & Dals",Oil,Jivo,Jivo Wellness Pvt. Ltd.,946950b7-1ce2-4bdf-a7c4-37499e3f5f34,3
Vadodra,Jivo Cold Press Canola Oil Combo | Bottle 2.0 LITER,50b56b7f-3d9f-45c7-8161-c2327e8db652,8908000258181,"Atta, Rice, Oil & Dals",Oil,Jivo,Jivo Wellness Pvt. Ltd.,946950b7-1ce2-4bdf-a7c4-37499e3f5f34,3
Amritsar,Jivo Cold Press Canola Oil Combo | Bottle 2.0 LITER,50b56b7f-3d9f-45c7-8161-c2327e8db652,8908000258181,"Atta, Rice, Oil & Dals",Oil,Jivo,Jivo Wellness Pvt. Ltd.,946950b7-1ce2-4bdf-a7c4-37499e3f5f34,1
Gorakhpur,Jivo Cold Press Canola Oil Combo | Bottle 2.0 LITER,50b56b7f-3d9f-45c7-8161-c2327e8db652,8908000258181,"Atta, Rice, Oil & Dals",Oil,Jivo,Jivo Wellness Pvt. Ltd.,946950b7-1ce2-4bdf-a7c4-37499e3f5f34,4
Chennai,Jivo Canola Cold Press Edible Oil 5.0 LITER,c935f17d-04d3-4785-b2dd-bd8e7c7ebcbe,8908000258365,"Atta, Rice, Oil & Dals",Oil,Jivo,Jivo Wellness Pvt. Ltd.,946950b7-1ce2-4bdf-a7c4-37499e3f5f34,10
Gurugram,Jivo Extra Light Olive Oil 1.0 LITER,2300d5e1-ccd1-46ab-990d-aa7fee80bc5d,8908000258211,"Atta, Rice, Oil & Dals",Oil,Jivo,Jivo Wellness Pvt. Ltd.,946950b7-1ce2-4bdf-a7c4-37499e3f5f34,50
Ghaziabad,Jivo Extra Light Olive Oil 1.0 LITER,2300d5e1-ccd1-46ab-990d-aa7fee80bc5d,8908000258211,"Atta, Rice, Oil & Dals",Oil,Jivo,Jivo Wellness Pvt. Ltd.,946950b7-1ce2-4bdf-a7c4-37499e3f5f34,9
Jaipur,Jivo Extra Light Olive Oil 1.0 LITER,2300d5e1-ccd1-46ab-990d-aa7fee80bc5d,8908000258211,"Atta, Rice, Oil & Dals",Oil,Jivo,Jivo Wellness Pvt. Ltd.,946950b7-1ce2-4bdf-a7c4-37499e3f5f34,5
Faridabad,Jivo Pomace Olive Oil 1.0 LITER,ac9a7dd8-489b-4475-a14d-27ae393a5505,8908000258549,"Atta, Rice, Oil & Dals",Oil,Jivo,Jivo Wellness Pvt. Ltd.,946950b7-1ce2-4bdf-a7c4-37499e3f5f34,1
SAS Nagar,Jivo Extra Light Olive Oil 1.0 LITER,2300d5e1-ccd1-46ab-990d-aa7fee80bc5d,8908000258211,"Atta, Rice, Oil & Dals",Oil,Jivo,Jivo Wellness Pvt. Ltd.,946950b7-1ce2-4bdf-a7c4-37499e3f5f34,1
Mumbai,Jivo Pomace Olive Oil 1.0 LITER,ac9a7dd8-489b-4475-a14d-27ae393a5505,8908000258549,"Atta, Rice, Oil & Dals",Oil,Jivo,Jivo Wellness Pvt. Ltd.,946950b7-1ce2-4bdf-a7c4-37499e3f5f34,198
Lucknow,Jivo Extra Light Olive Oil 1.0 LITER,2300d5e1-ccd1-46ab-990d-aa7fee80bc5d,8908000258211,"Atta, Rice, Oil & Dals",Oil,Jivo,Jivo Wellness Pvt. Ltd.,946950b7-1ce2-4bdf-a7c4-37499e3f5f34,21
Jaipur,Jivo Pomace Olive Oil 1.0 LITER,ac9a7dd8-489b-4475-a14d-27ae393a5505,8908000258549,"Atta, Rice, Oil & Dals",Oil,Jivo,Jivo Wellness Pvt. Ltd.,946950b7-1ce2-4bdf-a7c4-37499e3f5f34,20
Kanpur,Jivo Pomace Olive Oil 1.0 LITER,ac9a7dd8-489b-4475-a14d-27ae393a5505,8908000258549,"Atta, Rice, Oil & Dals",Oil,Jivo,Jivo Wellness Pvt. Ltd.,946950b7-1ce2-4bdf-a7c4-37499e3f5f34,5
Hyderabad,Jivo Pomace Olive Oil 1.0 LITER,ac9a7dd8-489b-4475-a14d-27ae393a5505,8908000258549,"Atta, Rice, Oil & Dals",Oil,Jivo,Jivo Wellness Pvt. Ltd.,946950b7-1ce2-4bdf-a7c4-37499e3f5f34,188
Bengaluru,Jivo Pomace Olive Oil 1.0 LITER,ac9a7dd8-489b-4475-a14d-27ae393a5505,8908000258549,"Atta, Rice, Oil & Dals",Oil,Jivo,Jivo Wellness Pvt. Ltd.,946950b7-1ce2-4bdf-a7c4-37499e3f5f34,267
Meerut,Jivo Pomace Olive Oil 1.0 LITER,ac9a7dd8-489b-4475-a14d-27ae393a5505,8908000258549,"Atta, Rice, Oil & Dals",Oil,Jivo,Jivo Wellness Pvt. Ltd.,946950b7-1ce2-4bdf-a7c4-37499e3f5f34,5
Jhajjar,Jivo Pomace Olive Oil 1.0 LITER,ac9a7dd8-489b-4475-a14d-27ae393a5505,8908000258549,"Atta, Rice, Oil & Dals",Oil,Jivo,Jivo Wellness Pvt. Ltd.,946950b7-1ce2-4bdf-a7c4-37499e3f5f34,0
Gorakhpur,Jivo Pomace Olive Oil 1.0 LITER,ac9a7dd8-489b-4475-a14d-27ae393a5505,8908000258549,"Atta, Rice, Oil & Dals",Oil,Jivo,Jivo Wellness Pvt. Ltd.,946950b7-1ce2-4bdf-a7c4-37499e3f5f34,2
Nashik,Jivo Extra Light Olive Oil 1.0 LITER,2300d5e1-ccd1-46ab-990d-aa7fee80bc5d,8908000258211,"Atta, Rice, Oil & Dals",Oil,Jivo,Jivo Wellness Pvt. Ltd.,946950b7-1ce2-4bdf-a7c4-37499e3f5f34,2
Hyderabad,Jivo Daily Pomace Olive Oil 2.0 LITER,8eedf6ff-d36c-4313-88e4-6aa571372f46,8905604000703,"Atta, Rice, Oil & Dals",Oil,Jivo,Jivo Wellness Pvt. Ltd.,946950b7-1ce2-4bdf-a7c4-37499e3f5f34,1
Mumbai,Jivo Daily Pomace Olive Oil 2.0 LITER,8eedf6ff-d36c-4313-88e4-6aa571372f46,8905604000703,"Atta, Rice, Oil & Dals",Oil,Jivo,Jivo Wellness Pvt. Ltd.,946950b7-1ce2-4bdf-a7c4-37499e3f5f34,1
Kochi,Jivo Daily Pomace Olive Oil 2.0 LITER,8eedf6ff-d36c-4313-88e4-6aa571372f46,8905604000703,"Atta, Rice, Oil & Dals",Oil,Jivo,Jivo Wellness Pvt. Ltd.,946950b7-1ce2-4bdf-a7c4-37499e3f5f34,10
Bengaluru,Jivo So-Olive Blend Of Rice Bran and Olive Oil 5.0 LITER,23d058bc-043b-447c-bfcd-f393c1b9f6e9,8905604002073,"Atta, Rice, Oil & Dals",Oil,Jivo,Jivo Wellness Pvt. Ltd.,946950b7-1ce2-4bdf-a7c4-37499e3f5f34,8
Bengaluru,Jivo Cold Press Kachi Ghani Mustard Oil 1.0 LITER,89804a83-79f3-45c6-b940-9c395451dffa,8908000258198,"Atta, Rice, Oil & Dals",Oil,Jivo,Jivo Wellness Pvt. Ltd.,946950b7-1ce2-4bdf-a7c4-37499e3f5f34,73
Kanpur,Jivo Cold Press Kachi Ghani Mustard Oil 1.0 LITER,89804a83-79f3-45c6-b940-9c395451dffa,8908000258198,"Atta, Rice, Oil & Dals",Oil,Jivo,Jivo Wellness Pvt. Ltd.,946950b7-1ce2-4bdf-a7c4-37499e3f5f34,14
Faridabad,Jivo Cold Press Kachi Ghani Mustard Oil 1.0 LITER,89804a83-79f3-45c6-b940-9c395451dffa,8908000258198,"Atta, Rice, Oil & Dals",Oil,Jivo,Jivo Wellness Pvt. Ltd.,946950b7-1ce2-4bdf-a7c4-37499e3f5f34,16
Noida,Jivo Extra Light Olive Oil 2.0 LITER,29e72c8c-7ff6-46e2-9721-ca4e9f612e98,8908000258402,"Atta, Rice, Oil & Dals",Oil,Jivo,Jivo Wellness Pvt. Ltd.,946950b7-1ce2-4bdf-a7c4-37499e3f5f34,40
Ahmedabad,Jivo Extra Light Olive Oil 2.0 LITER,29e72c8c-7ff6-46e2-9721-ca4e9f612e98,8908000258402,"Atta, Rice, Oil & Dals",Oil,Jivo,Jivo Wellness Pvt. Ltd.,946950b7-1ce2-4bdf-a7c4-37499e3f5f34,3
Rewari,Jivo Extra Light Olive Oil 2.0 LITER,29e72c8c-7ff6-46e2-9721-ca4e9f612e98,8908000258402,"Atta, Rice, Oil & Dals",Oil,Jivo,Jivo Wellness Pvt. Ltd.,946950b7-1ce2-4bdf-a7c4-37499e3f5f34,2
Lucknow,Jivo Extra Light Olive Oil 2.0 LITER,29e72c8c-7ff6-46e2-9721-ca4e9f612e98,8908000258402,"Atta, Rice, Oil & Dals",Oil,Jivo,Jivo Wellness Pvt. Ltd.,946950b7-1ce2-4bdf-a7c4-37499e3f5f34,43
Indore,Jivo Extra Light Olive Oil 2.0 LITER,29e72c8c-7ff6-46e2-9721-ca4e9f612e98,8908000258402,"Atta, Rice, Oil & Dals",Oil,Jivo,Jivo Wellness Pvt. Ltd.,946950b7-1ce2-4bdf-a7c4-37499e3f5f34,2
Chandigarh,Jivo Extra Light Olive Oil 2.0 LITER,29e72c8c-7ff6-46e2-9721-ca4e9f612e98,8908000258402,"Atta, Rice, Oil & Dals",Oil,Jivo,Jivo Wellness Pvt. Ltd.,946950b7-1ce2-4bdf-a7c4-37499e3f5f34,5
Bengaluru,Jivo Extra Light Olive Oil 2.0 LITER,29e72c8c-7ff6-46e2-9721-ca4e9f612e98,8908000258402,"Atta, Rice, Oil & Dals",Oil,Jivo,Jivo Wellness Pvt. Ltd.,946950b7-1ce2-4bdf-a7c4-37499e3f5f34,218
Vadodra,Jivo Extra Light Olive Oil 2.0 LITER,29e72c8c-7ff6-46e2-9721-ca4e9f612e98,8908000258402,"Atta, Rice, Oil & Dals",Oil,Jivo,Jivo Wellness Pvt. Ltd.,946950b7-1ce2-4bdf-a7c4-37499e3f5f34,2
Haridwar,Jivo Extra Light Olive Oil 2.0 LITER,29e72c8c-7ff6-46e2-9721-ca4e9f612e98,8908000258402,"Atta, Rice, Oil & Dals",Oil,Jivo,Jivo Wellness Pvt. Ltd.,946950b7-1ce2-4bdf-a7c4-37499e3f5f34,2
Mumbai,Jivo Extra Light Olive Oil 2.0 LITER,29e72c8c-7ff6-46e2-9721-ca4e9f612e98,8908000258402,"Atta, Rice, Oil & Dals",Oil,Jivo,Jivo Wellness Pvt. Ltd.,946950b7-1ce2-4bdf-a7c4-37499e3f5f34,116
Davanagere,Jivo Extra Light Olive Oil 2.0 LITER,29e72c8c-7ff6-46e2-9721-ca4e9f612e98,8908000258402,"Atta, Rice, Oil & Dals",Oil,Jivo,Jivo Wellness Pvt. Ltd.,946950b7-1ce2-4bdf-a7c4-37499e3f5f34,2
Nashik,Jivo Extra Light Olive Oil 2.0 LITER,29e72c8c-7ff6-46e2-9721-ca4e9f612e98,8908000258402,"Atta, Rice, Oil & Dals",Oil,Jivo,Jivo Wellness Pvt. Ltd.,946950b7-1ce2-4bdf-a7c4-37499e3f5f34,9
Noida,Jivo Pomace Olive Oil 5.0 LITER,a81945f0-43ac-4970-82b4-c6c8986ee9ae,8908000258457,"Atta, Rice, Oil & Dals",Oil,Jivo,Jivo Wellness Pvt. Ltd.,946950b7-1ce2-4bdf-a7c4-37499e3f5f34,27
Gurugram,Jivo Pomace Olive Oil 5.0 LITER,a81945f0-43ac-4970-82b4-c6c8986ee9ae,8908000258457,"Atta, Rice, Oil & Dals",Oil,Jivo,Jivo Wellness Pvt. Ltd.,946950b7-1ce2-4bdf-a7c4-37499e3f5f34,37
Delhi,Jivo Rice Bran Daily Cooking Oil 1.0 LITER,4acb73bc-1e89-47d8-8625-05e6a34b698b,8905604002059,"Atta, Rice, Oil & Dals",Oil,Jivo,Jivo Wellness Pvt. Ltd.,946950b7-1ce2-4bdf-a7c4-37499e3f5f34,45
Noida,Jivo Cold Press Canola Oil Combo | Bottle 2.0 LITER,50b56b7f-3d9f-45c7-8161-c2327e8db652,8908000258181,"Atta, Rice, Oil & Dals",Oil,Jivo,Jivo Wellness Pvt. Ltd.,946950b7-1ce2-4bdf-a7c4-37499e3f5f34,18
Varanasi,Jivo Cold Press Canola Oil Combo | Bottle 2.0 LITER,50b56b7f-3d9f-45c7-8161-c2327e8db652,8908000258181,"Atta, Rice, Oil & Dals",Oil,Jivo,Jivo Wellness Pvt. Ltd.,946950b7-1ce2-4bdf-a7c4-37499e3f5f34,1
Indore,Jivo Cold Press Canola Oil Combo | Bottle 2.0 LITER,50b56b7f-3d9f-45c7-8161-c2327e8db652,8908000258181,"Atta, Rice, Oil & Dals",Oil,Jivo,Jivo Wellness Pvt. Ltd.,946950b7-1ce2-4bdf-a7c4-37499e3f5f34,2
Meerut,Jivo Cold Press Canola Oil Combo | Bottle 2.0 LITER,50b56b7f-3d9f-45c7-8161-c2327e8db652,8908000258181,"Atta, Rice, Oil & Dals",Oil,Jivo,Jivo Wellness Pvt. Ltd.,946950b7-1ce2-4bdf-a7c4-37499e3f5f34,1
Surat,Jivo Pomace Olive Oil 1.0 LITER,ac9a7dd8-489b-4475-a14d-27ae393a5505,8908000258549,"Atta, Rice, Oil & Dals",Oil,Jivo,Jivo Wellness Pvt. Ltd.,946950b7-1ce2-4bdf-a7c4-37499e3f5f34,2
Delhi,Jivo Extra Light Olive Oil 1.0 LITER,2300d5e1-ccd1-46ab-990d-aa7fee80bc5d,8908000258211,"Atta, Rice, Oil & Dals",Oil,Jivo,Jivo Wellness Pvt. Ltd.,946950b7-1ce2-4bdf-a7c4-37499e3f5f34,59
Prayagraj,Jivo Extra Light Olive Oil 1.0 LITER,2300d5e1-ccd1-46ab-990d-aa7fee80bc5d,8908000258211,"Atta, Rice, Oil & Dals",Oil,Jivo,Jivo Wellness Pvt. Ltd.,946950b7-1ce2-4bdf-a7c4-37499e3f5f34,1
Delhi,Jivo Pomace Olive Oil 1.0 LITER,ac9a7dd8-489b-4475-a14d-27ae393a5505,8908000258549,"Atta, Rice, Oil & Dals",Oil,Jivo,Jivo Wellness Pvt. Ltd.,946950b7-1ce2-4bdf-a7c4-37499e3f5f34,142
Bengaluru,Jivo Extra Light Olive Oil 1.0 LITER,2300d5e1-ccd1-46ab-990d-aa7fee80bc5d,8908000258211,"Atta, Rice, Oil & Dals",Oil,Jivo,Jivo Wellness Pvt. Ltd.,946950b7-1ce2-4bdf-a7c4-37499e3f5f34,214
Prayagraj,Jivo Pomace Olive Oil 1.0 LITER,ac9a7dd8-489b-4475-a14d-27ae393a5505,8908000258549,"Atta, Rice, Oil & Dals",Oil,Jivo,Jivo Wellness Pvt. Ltd.,946950b7-1ce2-4bdf-a7c4-37499e3f5f34,1
Meerut,Jivo Extra Light Olive Oil 1.0 LITER,2300d5e1-ccd1-46ab-990d-aa7fee80bc5d,8908000258211,"Atta, Rice, Oil & Dals",Oil,Jivo,Jivo Wellness Pvt. Ltd.,946950b7-1ce2-4bdf-a7c4-37499e3f5f34,2
Jaipur,Jivo Daily Pomace Olive Oil 2.0 LITER,8eedf6ff-d36c-4313-88e4-6aa571372f46,8905604000703,"Atta, Rice, Oil & Dals",Oil,Jivo,Jivo Wellness Pvt. Ltd.,946950b7-1ce2-4bdf-a7c4-37499e3f5f34,1
Chennai,Jivo Refine Canola oil Tin 15.0 LITER,b84e15b9-39c8-4f7e-bc24-bab7300641cc,8908000258051,"Atta, Rice, Oil & Dals",Oil,Jivo,Jivo Wellness Pvt. Ltd.,946950b7-1ce2-4bdf-a7c4-37499e3f5f34,9
Hyderabad,Jivo Refine Canola oil Tin 15.0 LITER,b84e15b9-39c8-4f7e-bc24-bab7300641cc,8908000258051,"Atta, Rice, Oil & Dals",Oil,Jivo,Jivo Wellness Pvt. Ltd.,946950b7-1ce2-4bdf-a7c4-37499e3f5f34,12
Hyderabad,Jivo A2 Desi Cow Ghee 1.0 LITER,908b9ad9-300c-45ca-b6e7-b2345f89b581,8905604000307,"Atta, Rice, Oil & Dals",Ghee,Jivo,Jivo Wellness Pvt. Ltd.,946950b7-1ce2-4bdf-a7c4-37499e3f5f34,44
Chennai,Jivo Gold Refined Oil Blend Of Rice Bran Oil and Sunflower Oil 5.0 LITER,40bd2571-3734-4503-84b7-bbe87a3818c3,8905604000086,"Atta, Rice, Oil & Dals",Oil,Jivo,Jivo Wellness Pvt. Ltd.,946950b7-1ce2-4bdf-a7c4-37499e3f5f34,1
Delhi,Jivo A2 Desi Cow Ghee 500.0 MILLILITRE,33f0ba96-44a1-426a-9ced-1ad6ca655f25,8905604000291,"Atta, Rice, Oil & Dals",Ghee,Jivo,Jivo Wellness Pvt. Ltd.,946950b7-1ce2-4bdf-a7c4-37499e3f5f34,38
Hyderabad,Jivo A2 Desi Cow Ghee 500.0 MILLILITRE,33f0ba96-44a1-426a-9ced-1ad6ca655f25,8905604000291,"Atta, Rice, Oil & Dals",Ghee,Jivo,Jivo Wellness Pvt. Ltd.,946950b7-1ce2-4bdf-a7c4-37499e3f5f34,34
Jhajjar,Jivo A2 Desi Cow Ghee 500.0 MILLILITRE,33f0ba96-44a1-426a-9ced-1ad6ca655f25,8905604000291,"Atta, Rice, Oil & Dals",Ghee,Jivo,Jivo Wellness Pvt. Ltd.,946950b7-1ce2-4bdf-a7c4-37499e3f5f34,2
Gurugram,Jivo A2 Desi Cow Ghee 500.0 MILLILITRE,33f0ba96-44a1-426a-9ced-1ad6ca655f25,8905604000291,"Atta, Rice, Oil & Dals",Ghee,Jivo,Jivo Wellness Pvt. Ltd.,946950b7-1ce2-4bdf-a7c4-37499e3f5f34,31
Mumbai,Jivo A2 Desi Cow Ghee 500.0 MILLILITRE,33f0ba96-44a1-426a-9ced-1ad6ca655f25,8905604000291,"Atta, Rice, Oil & Dals",Ghee,Jivo,Jivo Wellness Pvt. Ltd.,946950b7-1ce2-4bdf-a7c4-37499e3f5f34,28
Mumbai,Jivo A2 Desi Cow Ghee 1.0 LITER,908b9ad9-300c-45ca-b6e7-b2345f89b581,8905604000307,"Atta, Rice, Oil & Dals",Ghee,Jivo,Jivo Wellness Pvt. Ltd.,946950b7-1ce2-4bdf-a7c4-37499e3f5f34,28
