Date,SKU Number,SKU Name,EAN,SKU Category,SKU Sub Category,Brand Name,Manufacturer Name,Manufacturer ID,City,Sales (Qty) - Units,MRP,Gross Merchandise Value
07-08-2025,50b56b7f-3d9f-45c7-8161-c2327e8db652,Jivo Cold Press Canola Oil Combo | Bottle 2.0 LITER,8908000258181,"Atta, Rice, Oil & Dals",Oil,Jivo,Jivo Wellness Pvt. Ltd.,946950b7-1ce2-4bdf-a7c4-37499e3f5f34,Ludhiana,1,750,750
08-08-2025,89804a83-79f3-45c6-b940-9c395451dffa,Jivo Cold Press Kachi Ghani Mustard Oil 1.0 LITER,8908000258198,"Atta, Rice, Oil & Dals",Oil,Jivo,Jivo Wellness Pvt. Ltd.,946950b7-1ce2-4bdf-a7c4-37499e3f5f34,Ghaziabad,2,255,510
05-08-2025,2300d5e1-ccd1-46ab-990d-aa7fee80bc5d,Jivo Extra Light Olive Oil 1.0 LITER,8908000258211,"Atta, Rice, Oil & Dals",Oil,Jivo,Jivo Wellness Pvt. Ltd.,946950b7-1ce2-4bdf-a7c4-37499e3f5f34,Delhi,10,1499,14990
05-08-2025,ac9a7dd8-489b-4475-a14d-27ae393a5505,Jivo Pomace Olive Oil 1.0 LITER,8908000258549,"Atta, Rice, Oil & Dals",Oil,Jivo,Jivo Wellness Pvt. Ltd.,946950b7-1ce2-4bdf-a7c4-37499e3f5f34,Gurugram,12,1049,12588
07-08-2025,41367ef4-80d9-4819-bbae-d1806c184f5c,Jivo Cold Press Groundnut Cooking Oil 1.0 LITER,8905604001199,"Atta, Rice, Oil & Dals",Oil,Jivo,Jivo Wellness Pvt. Ltd.,946950b7-1ce2-4bdf-a7c4-37499e3f5f34,Faridabad,1,560,560
07-08-2025,a81945f0-43ac-4970-82b4-c6c8986ee9ae,Jivo Pomace Olive Oil 5.0 LITER,8908000258457,"Atta, Rice, Oil & Dals",Oil,Jivo,Jivo Wellness Pvt. Ltd.,946950b7-1ce2-4bdf-a7c4-37499e3f5f34,Mumbai,1,4999,4999
06-08-2025,50b56b7f-3d9f-45c7-8161-c2327e8db652,Jivo Cold Press Canola Oil Combo | Bottle 2.0 LITER,8908000258181,"Atta, Rice, Oil & Dals",Oil,Jivo,Jivo Wellness Pvt. Ltd.,946950b7-1ce2-4bdf-a7c4-37499e3f5f34,Chennai,1,750,750
08-08-2025,bc1af3d1-2a14-4296-b38e-e05ba43c3170,Jivo Gold Refined Oil Blend Of Rice Bran Oil and Sunflower Oil 1.0 LITER,8905604001076,"Atta, Rice, Oil & Dals",Oil,Jivo,Jivo Wellness Pvt. Ltd.,946950b7-1ce2-4bdf-a7c4-37499e3f5f34,Faridabad,1,225,225
06-08-2025,ac9a7dd8-489b-4475-a14d-27ae393a5505,Jivo Pomace Olive Oil 1.0 LITER,8908000258549,"Atta, Rice, Oil & Dals",Oil,Jivo,Jivo Wellness Pvt. Ltd.,946950b7-1ce2-4bdf-a7c4-37499e3f5f34,Pune,3,1049,3147
04-08-2025,06c8f55b-13a5-4d9b-8990-a418e63c89ad,Jivo Cold Press Sunflower Cooking Oil 1.0 LITER,8908000258235,"Atta, Rice, Oil & Dals",Oil,Jivo,Jivo Wellness Pvt. Ltd.,946950b7-1ce2-4bdf-a7c4-37499e3f5f34,Jaipur,2,275,550
04-08-2025,2300d5e1-ccd1-46ab-990d-aa7fee80bc5d,Jivo Extra Light Olive Oil 1.0 LITER,8908000258211,"Atta, Rice, Oil & Dals",Oil,Jivo,Jivo Wellness Pvt. Ltd.,946950b7-1ce2-4bdf-a7c4-37499e3f5f34,Faridabad,2,1499,2998
07-08-2025,dc9c5857-5d89-45c7-895a-373097239ff7,Jivo So-Olive Blend Of Rice Bran and Olive Oil 1.0 LITER,8905604002080,"Atta, Rice, Oil & Dals",Oil,Jivo,Jivo Wellness Pvt. Ltd.,946950b7-1ce2-4bdf-a7c4-37499e3f5f34,Bengaluru,1,325,325
07-08-2025,4acb73bc-1e89-47d8-8625-05e6a34b698b,Jivo Rice Bran Daily Cooking Oil 1.0 LITER,8905604002059,"Atta, Rice, Oil & Dals",Oil,Jivo,Jivo Wellness Pvt. Ltd.,946950b7-1ce2-4bdf-a7c4-37499e3f5f34,Faridabad,2,285,570
07-08-2025,41367ef4-80d9-4819-bbae-d1806c184f5c,Jivo Cold Press Groundnut Cooking Oil 1.0 LITER,8905604001199,"Atta, Rice, Oil & Dals",Oil,Jivo,Jivo Wellness Pvt. Ltd.,946950b7-1ce2-4bdf-a7c4-37499e3f5f34,Jaipur,3,560,1680
05-08-2025,41367ef4-80d9-4819-bbae-d1806c184f5c,Jivo Cold Press Groundnut Cooking Oil 1.0 LITER,8905604001199,"Atta, Rice, Oil & Dals",Oil,Jivo,Jivo Wellness Pvt. Ltd.,946950b7-1ce2-4bdf-a7c4-37499e3f5f34,Lucknow,2,560,1120
08-08-2025,4acb73bc-1e89-47d8-8625-05e6a34b698b,Jivo Rice Bran Daily Cooking Oil 1.0 LITER,8905604002059,"Atta, Rice, Oil & Dals",Oil,Jivo,Jivo Wellness Pvt. Ltd.,946950b7-1ce2-4bdf-a7c4-37499e3f5f34,Faridabad,1,285,285
06-08-2025,2300d5e1-ccd1-46ab-990d-aa7fee80bc5d,Jivo Extra Light Olive Oil 1.0 LITER,8908000258211,"Atta, Rice, Oil & Dals",Oil,Jivo,Jivo Wellness Pvt. Ltd.,946950b7-1ce2-4bdf-a7c4-37499e3f5f34,Mumbai,11,1499,16489
06-08-2025,41367ef4-80d9-4819-bbae-d1806c184f5c,Jivo Cold Press Groundnut Cooking Oil 1.0 LITER,8905604001199,"Atta, Rice, Oil & Dals",Oil,Jivo,Jivo Wellness Pvt. Ltd.,946950b7-1ce2-4bdf-a7c4-37499e3f5f34,Lucknow,1,560,560
05-08-2025,89804a83-79f3-45c6-b940-9c395451dffa,Jivo Cold Press Kachi Ghani Mustard Oil 1.0 LITER,8908000258198,"Atta, Rice, Oil & Dals",Oil,Jivo,Jivo Wellness Pvt. Ltd.,946950b7-1ce2-4bdf-a7c4-37499e3f5f34,Noida,3,255,765
06-08-2025,41367ef4-80d9-4819-bbae-d1806c184f5c,Jivo Cold Press Groundnut Cooking Oil 1.0 LITER,8905604001199,"Atta, Rice, Oil & Dals",Oil,Jivo,Jivo Wellness Pvt. Ltd.,946950b7-1ce2-4bdf-a7c4-37499e3f5f34,Mumbai,7,560,3920
07-08-2025,4acb73bc-1e89-47d8-8625-05e6a34b698b,Jivo Rice Bran Daily Cooking Oil 1.0 LITER,8905604002059,"Atta, Rice, Oil & Dals",Oil,Jivo,Jivo Wellness Pvt. Ltd.,946950b7-1ce2-4bdf-a7c4-37499e3f5f34,Ghaziabad,1,285,285
06-08-2025,ac9a7dd8-489b-4475-a14d-27ae393a5505,Jivo Pomace Olive Oil 1.0 LITER,8908000258549,"Atta, Rice, Oil & Dals",Oil,Jivo,Jivo Wellness Pvt. Ltd.,946950b7-1ce2-4bdf-a7c4-37499e3f5f34,Gurugram,3,1049,3147
07-08-2025,5d186472-6fe2-4643-af2f-2f9cd773986d,Jivo Extra Virgin Olive Oil | Bottle 1.0 LITER,8908000258723,"Atta, Rice, Oil & Dals",Oil,Jivo,Jivo Wellness Pvt. Ltd.,946950b7-1ce2-4bdf-a7c4-37499e3f5f34,Faridabad,1,1799,1799
07-08-2025,41367ef4-80d9-4819-bbae-d1806c184f5c,Jivo Cold Press Groundnut Cooking Oil 1.0 LITER,8905604001199,"Atta, Rice, Oil & Dals",Oil,Jivo,Jivo Wellness Pvt. Ltd.,946950b7-1ce2-4bdf-a7c4-37499e3f5f34,SAS Nagar,1,560,560
04-08-2025,2300d5e1-ccd1-46ab-990d-aa7fee80bc5d,Jivo Extra Light Olive Oil 1.0 LITER,8908000258211,"Atta, Rice, Oil & Dals",Oil,Jivo,Jivo Wellness Pvt. Ltd.,946950b7-1ce2-4bdf-a7c4-37499e3f5f34,Noida,3,1499,4497
04-08-2025,41367ef4-80d9-4819-bbae-d1806c184f5c,Jivo Cold Press Groundnut Cooking Oil 1.0 LITER,8905604001199,"Atta, Rice, Oil & Dals",Oil,Jivo,Jivo Wellness Pvt. Ltd.,946950b7-1ce2-4bdf-a7c4-37499e3f5f34,Kanpur,2,560,1120
04-08-2025,41367ef4-80d9-4819-bbae-d1806c184f5c,Jivo Cold Press Groundnut Cooking Oil 1.0 LITER,8905604001199,"Atta, Rice, Oil & Dals",Oil,Jivo,Jivo Wellness Pvt. Ltd.,946950b7-1ce2-4bdf-a7c4-37499e3f5f34,Mumbai,7,560,3920
08-08-2025,29e72c8c-7ff6-46e2-9721-ca4e9f612e98,Jivo Extra Light Olive Oil 2.0 LITER,8908000258402,"Atta, Rice, Oil & Dals",Oil,Jivo,Jivo Wellness Pvt. Ltd.,946950b7-1ce2-4bdf-a7c4-37499e3f5f34,Delhi,1,2799,2799
04-08-2025,ac9a7dd8-489b-4475-a14d-27ae393a5505,Jivo Pomace Olive Oil 1.0 LITER,8908000258549,"Atta, Rice, Oil & Dals",Oil,Jivo,Jivo Wellness Pvt. Ltd.,946950b7-1ce2-4bdf-a7c4-37499e3f5f34,Noida,2,1049,2098
07-08-2025,29e72c8c-7ff6-46e2-9721-ca4e9f612e98,Jivo Extra Light Olive Oil 2.0 LITER,8908000258402,"Atta, Rice, Oil & Dals",Oil,Jivo,Jivo Wellness Pvt. Ltd.,946950b7-1ce2-4bdf-a7c4-37499e3f5f34,Bengaluru,4,2799,11196
04-08-2025,5d186472-6fe2-4643-af2f-2f9cd773986d,Jivo Extra Virgin Olive Oil | Bottle 1.0 LITER,8908000258723,"Atta, Rice, Oil & Dals",Oil,Jivo,Jivo Wellness Pvt. Ltd.,946950b7-1ce2-4bdf-a7c4-37499e3f5f34,Delhi,3,1799,5397
06-08-2025,bc1af3d1-2a14-4296-b38e-e05ba43c3170,Jivo Gold Refined Oil Blend Of Rice Bran Oil and Sunflower Oil 1.0 LITER,8905604001076,"Atta, Rice, Oil & Dals",Oil,Jivo,Jivo Wellness Pvt. Ltd.,946950b7-1ce2-4bdf-a7c4-37499e3f5f34,Bengaluru,5,225,1125
05-08-2025,41367ef4-80d9-4819-bbae-d1806c184f5c,Jivo Cold Press Groundnut Cooking Oil 1.0 LITER,8905604001199,"Atta, Rice, Oil & Dals",Oil,Jivo,Jivo Wellness Pvt. Ltd.,946950b7-1ce2-4bdf-a7c4-37499e3f5f34,Gurugram,8,560,4480
06-08-2025,29e72c8c-7ff6-46e2-9721-ca4e9f612e98,Jivo Extra Light Olive Oil 2.0 LITER,8908000258402,"Atta, Rice, Oil & Dals",Oil,Jivo,Jivo Wellness Pvt. Ltd.,946950b7-1ce2-4bdf-a7c4-37499e3f5f34,Chennai,1,2799,2799
05-08-2025,89804a83-79f3-45c6-b940-9c395451dffa,Jivo Cold Press Kachi Ghani Mustard Oil 1.0 LITER,8908000258198,"Atta, Rice, Oil & Dals",Oil,Jivo,Jivo Wellness Pvt. Ltd.,946950b7-1ce2-4bdf-a7c4-37499e3f5f34,Lucknow,5,255,1275
06-08-2025,bc1af3d1-2a14-4296-b38e-e05ba43c3170,Jivo Gold Refined Oil Blend Of Rice Bran Oil and Sunflower Oil 1.0 LITER,8905604001076,"Atta, Rice, Oil & Dals",Oil,Jivo,Jivo Wellness Pvt. Ltd.,946950b7-1ce2-4bdf-a7c4-37499e3f5f34,Delhi,10,225,2250
06-08-2025,dc9c5857-5d89-45c7-895a-373097239ff7,Jivo So-Olive Blend Of Rice Bran and Olive Oil 1.0 LITER,8905604002080,"Atta, Rice, Oil & Dals",Oil,Jivo,Jivo Wellness Pvt. Ltd.,946950b7-1ce2-4bdf-a7c4-37499e3f5f34,Mumbai,2,325,650
06-08-2025,bc1af3d1-2a14-4296-b38e-e05ba43c3170,Jivo Gold Refined Oil Blend Of Rice Bran Oil and Sunflower Oil 1.0 LITER,8905604001076,"Atta, Rice, Oil & Dals",Oil,Jivo,Jivo Wellness Pvt. Ltd.,946950b7-1ce2-4bdf-a7c4-37499e3f5f34,Faridabad,2,225,450
05-08-2025,06c8f55b-13a5-4d9b-8990-a418e63c89ad,Jivo Cold Press Sunflower Cooking Oil 1.0 LITER,8908000258235,"Atta, Rice, Oil & Dals",Oil,Jivo,Jivo Wellness Pvt. Ltd.,946950b7-1ce2-4bdf-a7c4-37499e3f5f34,Faridabad,1,275,275
08-08-2025,2300d5e1-ccd1-46ab-990d-aa7fee80bc5d,Jivo Extra Light Olive Oil 1.0 LITER,8908000258211,"Atta, Rice, Oil & Dals",Oil,Jivo,Jivo Wellness Pvt. Ltd.,946950b7-1ce2-4bdf-a7c4-37499e3f5f34,Hyderabad,1,1499,1499
06-08-2025,89804a83-79f3-45c6-b940-9c395451dffa,Jivo Cold Press Kachi Ghani Mustard Oil 1.0 LITER,8908000258198,"Atta, Rice, Oil & Dals",Oil,Jivo,Jivo Wellness Pvt. Ltd.,946950b7-1ce2-4bdf-a7c4-37499e3f5f34,Mumbai,4,255,1020
07-08-2025,ac9a7dd8-489b-4475-a14d-27ae393a5505,Jivo Pomace Olive Oil 1.0 LITER,8908000258549,"Atta, Rice, Oil & Dals",Oil,Jivo,Jivo Wellness Pvt. Ltd.,946950b7-1ce2-4bdf-a7c4-37499e3f5f34,Mumbai,3,1049,3147
04-08-2025,41367ef4-80d9-4819-bbae-d1806c184f5c,Jivo Cold Press Groundnut Cooking Oil 1.0 LITER,8905604001199,"Atta, Rice, Oil & Dals",Oil,Jivo,Jivo Wellness Pvt. Ltd.,946950b7-1ce2-4bdf-a7c4-37499e3f5f34,Delhi,13,560,7280
06-08-2025,06c8f55b-13a5-4d9b-8990-a418e63c89ad,Jivo Cold Press Sunflower Cooking Oil 1.0 LITER,8908000258235,"Atta, Rice, Oil & Dals",Oil,Jivo,Jivo Wellness Pvt. Ltd.,946950b7-1ce2-4bdf-a7c4-37499e3f5f34,Mumbai,29,275,7975
07-08-2025,41367ef4-80d9-4819-bbae-d1806c184f5c,Jivo Cold Press Groundnut Cooking Oil 1.0 LITER,8905604001199,"Atta, Rice, Oil & Dals",Oil,Jivo,Jivo Wellness Pvt. Ltd.,946950b7-1ce2-4bdf-a7c4-37499e3f5f34,Bengaluru,7,560,3920
05-08-2025,89804a83-79f3-45c6-b940-9c395451dffa,Jivo Cold Press Kachi Ghani Mustard Oil 1.0 LITER,8908000258198,"Atta, Rice, Oil & Dals",Oil,Jivo,Jivo Wellness Pvt. Ltd.,946950b7-1ce2-4bdf-a7c4-37499e3f5f34,Gurugram,5,255,1275
04-08-2025,ca5e32db-f7af-45b7-b5cd-ef7f1055e8e7,Jivo Daily Cooking Extra Light Olive Oil 5.0 LITER,8908000258228,"Atta, Rice, Oil & Dals",Oil,Jivo,Jivo Wellness Pvt. Ltd.,946950b7-1ce2-4bdf-a7c4-37499e3f5f34,Chennai,1,6499,6499
07-08-2025,2300d5e1-ccd1-46ab-990d-aa7fee80bc5d,Jivo Extra Light Olive Oil 1.0 LITER,8908000258211,"Atta, Rice, Oil & Dals",Oil,Jivo,Jivo Wellness Pvt. Ltd.,946950b7-1ce2-4bdf-a7c4-37499e3f5f34,Bengaluru,9,1499,13491
06-08-2025,ac9a7dd8-489b-4475-a14d-27ae393a5505,Jivo Pomace Olive Oil 1.0 LITER,8908000258549,"Atta, Rice, Oil & Dals",Oil,Jivo,Jivo Wellness Pvt. Ltd.,946950b7-1ce2-4bdf-a7c4-37499e3f5f34,Delhi,15,1049,15735
05-08-2025,ca5e32db-f7af-45b7-b5cd-ef7f1055e8e7,Jivo Daily Cooking Extra Light Olive Oil 5.0 LITER,8908000258228,"Atta, Rice, Oil & Dals",Oil,Jivo,Jivo Wellness Pvt. Ltd.,946950b7-1ce2-4bdf-a7c4-37499e3f5f34,Hyderabad,1,6499,6499
05-08-2025,4acb73bc-1e89-47d8-8625-05e6a34b698b,Jivo Rice Bran Daily Cooking Oil 1.0 LITER,8905604002059,"Atta, Rice, Oil & Dals",Oil,Jivo,Jivo Wellness Pvt. Ltd.,946950b7-1ce2-4bdf-a7c4-37499e3f5f34,Bengaluru,2,285,570
04-08-2025,bc1af3d1-2a14-4296-b38e-e05ba43c3170,Jivo Gold Refined Oil Blend Of Rice Bran Oil and Sunflower Oil 1.0 LITER,8905604001076,"Atta, Rice, Oil & Dals",Oil,Jivo,Jivo Wellness Pvt. Ltd.,946950b7-1ce2-4bdf-a7c4-37499e3f5f34,Bengaluru,4,225,900
06-08-2025,06c8f55b-13a5-4d9b-8990-a418e63c89ad,Jivo Cold Press Sunflower Cooking Oil 1.0 LITER,8908000258235,"Atta, Rice, Oil & Dals",Oil,Jivo,Jivo Wellness Pvt. Ltd.,946950b7-1ce2-4bdf-a7c4-37499e3f5f34,Noida,5,275,1375
04-08-2025,41367ef4-80d9-4819-bbae-d1806c184f5c,Jivo Cold Press Groundnut Cooking Oil 1.0 LITER,8905604001199,"Atta, Rice, Oil & Dals",Oil,Jivo,Jivo Wellness Pvt. Ltd.,946950b7-1ce2-4bdf-a7c4-37499e3f5f34,Dehradun,1,560,560
05-08-2025,bc1af3d1-2a14-4296-b38e-e05ba43c3170,Jivo Gold Refined Oil Blend Of Rice Bran Oil and Sunflower Oil 1.0 LITER,8905604001076,"Atta, Rice, Oil & Dals",Oil,Jivo,Jivo Wellness Pvt. Ltd.,946950b7-1ce2-4bdf-a7c4-37499e3f5f34,Ghaziabad,4,225,900
06-08-2025,50b56b7f-3d9f-45c7-8161-c2327e8db652,Jivo Cold Press Canola Oil Combo | Bottle 2.0 LITER,8908000258181,"Atta, Rice, Oil & Dals",Oil,Jivo,Jivo Wellness Pvt. Ltd.,946950b7-1ce2-4bdf-a7c4-37499e3f5f34,Ghaziabad,1,750,750
05-08-2025,06c8f55b-13a5-4d9b-8990-a418e63c89ad,Jivo Cold Press Sunflower Cooking Oil 1.0 LITER,8908000258235,"Atta, Rice, Oil & Dals",Oil,Jivo,Jivo Wellness Pvt. Ltd.,946950b7-1ce2-4bdf-a7c4-37499e3f5f34,Mumbai,27,275,7425
05-08-2025,5d186472-6fe2-4643-af2f-2f9cd773986d,Jivo Extra Virgin Olive Oil | Bottle 1.0 LITER,8908000258723,"Atta, Rice, Oil & Dals",Oil,Jivo,Jivo Wellness Pvt. Ltd.,946950b7-1ce2-4bdf-a7c4-37499e3f5f34,Mumbai,4,1799,7196
08-08-2025,06c8f55b-13a5-4d9b-8990-a418e63c89ad,Jivo Cold Press Sunflower Cooking Oil 1.0 LITER,8908000258235,"Atta, Rice, Oil & Dals",Oil,Jivo,Jivo Wellness Pvt. Ltd.,946950b7-1ce2-4bdf-a7c4-37499e3f5f34,Mumbai,6,275,1650
04-08-2025,29e72c8c-7ff6-46e2-9721-ca4e9f612e98,Jivo Extra Light Olive Oil 2.0 LITER,8908000258402,"Atta, Rice, Oil & Dals",Oil,Jivo,Jivo Wellness Pvt. Ltd.,946950b7-1ce2-4bdf-a7c4-37499e3f5f34,Delhi,6,2799,16794
07-08-2025,29e72c8c-7ff6-46e2-9721-ca4e9f612e98,Jivo Extra Light Olive Oil 2.0 LITER,8908000258402,"Atta, Rice, Oil & Dals",Oil,Jivo,Jivo Wellness Pvt. Ltd.,946950b7-1ce2-4bdf-a7c4-37499e3f5f34,Faridabad,1,2799,2799
07-08-2025,2300d5e1-ccd1-46ab-990d-aa7fee80bc5d,Jivo Extra Light Olive Oil 1.0 LITER,8908000258211,"Atta, Rice, Oil & Dals",Oil,Jivo,Jivo Wellness Pvt. Ltd.,946950b7-1ce2-4bdf-a7c4-37499e3f5f34,Gurugram,2,1499,2998
05-08-2025,50b56b7f-3d9f-45c7-8161-c2327e8db652,Jivo Cold Press Canola Oil Combo | Bottle 2.0 LITER,8908000258181,"Atta, Rice, Oil & Dals",Oil,Jivo,Jivo Wellness Pvt. Ltd.,946950b7-1ce2-4bdf-a7c4-37499e3f5f34,Bengaluru,3,750,2250
05-08-2025,bc1af3d1-2a14-4296-b38e-e05ba43c3170,Jivo Gold Refined Oil Blend Of Rice Bran Oil and Sunflower Oil 1.0 LITER,8905604001076,"Atta, Rice, Oil & Dals",Oil,Jivo,Jivo Wellness Pvt. Ltd.,946950b7-1ce2-4bdf-a7c4-37499e3f5f34,Gurugram,4,225,900
08-08-2025,2300d5e1-ccd1-46ab-990d-aa7fee80bc5d,Jivo Extra Light Olive Oil 1.0 LITER,8908000258211,"Atta, Rice, Oil & Dals",Oil,Jivo,Jivo Wellness Pvt. Ltd.,946950b7-1ce2-4bdf-a7c4-37499e3f5f34,Delhi,4,1499,5996
05-08-2025,41367ef4-80d9-4819-bbae-d1806c184f5c,Jivo Cold Press Groundnut Cooking Oil 1.0 LITER,8905604001199,"Atta, Rice, Oil & Dals",Oil,Jivo,Jivo Wellness Pvt. Ltd.,946950b7-1ce2-4bdf-a7c4-37499e3f5f34,Bengaluru,6,560,3360
04-08-2025,50b56b7f-3d9f-45c7-8161-c2327e8db652,Jivo Cold Press Canola Oil Combo | Bottle 2.0 LITER,8908000258181,"Atta, Rice, Oil & Dals",Oil,Jivo,Jivo Wellness Pvt. Ltd.,946950b7-1ce2-4bdf-a7c4-37499e3f5f34,Mumbai,3,750,2250
05-08-2025,dc9c5857-5d89-45c7-895a-373097239ff7,Jivo So-Olive Blend Of Rice Bran and Olive Oil 1.0 LITER,8905604002080,"Atta, Rice, Oil & Dals",Oil,Jivo,Jivo Wellness Pvt. Ltd.,946950b7-1ce2-4bdf-a7c4-37499e3f5f34,Bengaluru,1,325,325
06-08-2025,89804a83-79f3-45c6-b940-9c395451dffa,Jivo Cold Press Kachi Ghani Mustard Oil 1.0 LITER,8908000258198,"Atta, Rice, Oil & Dals",Oil,Jivo,Jivo Wellness Pvt. Ltd.,946950b7-1ce2-4bdf-a7c4-37499e3f5f34,Bengaluru,1,255,255
06-08-2025,41367ef4-80d9-4819-bbae-d1806c184f5c,Jivo Cold Press Groundnut Cooking Oil 1.0 LITER,8905604001199,"Atta, Rice, Oil & Dals",Oil,Jivo,Jivo Wellness Pvt. Ltd.,946950b7-1ce2-4bdf-a7c4-37499e3f5f34,Chandigarh,1,400,400
05-08-2025,50b56b7f-3d9f-45c7-8161-c2327e8db652,Jivo Cold Press Canola Oil Combo | Bottle 2.0 LITER,8908000258181,"Atta, Rice, Oil & Dals",Oil,Jivo,Jivo Wellness Pvt. Ltd.,946950b7-1ce2-4bdf-a7c4-37499e3f5f34,Delhi,5,750,3750
08-08-2025,ac9a7dd8-489b-4475-a14d-27ae393a5505,Jivo Pomace Olive Oil 1.0 LITER,8908000258549,"Atta, Rice, Oil & Dals",Oil,Jivo,Jivo Wellness Pvt. Ltd.,946950b7-1ce2-4bdf-a7c4-37499e3f5f34,Noida,1,1049,1049
06-08-2025,41367ef4-80d9-4819-bbae-d1806c184f5c,Jivo Cold Press Groundnut Cooking Oil 1.0 LITER,8905604001199,"Atta, Rice, Oil & Dals",Oil,Jivo,Jivo Wellness Pvt. Ltd.,946950b7-1ce2-4bdf-a7c4-37499e3f5f34,Delhi,6,560,3360
07-08-2025,50b56b7f-3d9f-45c7-8161-c2327e8db652,Jivo Cold Press Canola Oil Combo | Bottle 2.0 LITER,8908000258181,"Atta, Rice, Oil & Dals",Oil,Jivo,Jivo Wellness Pvt. Ltd.,946950b7-1ce2-4bdf-a7c4-37499e3f5f34,Noida,2,750,1500
04-08-2025,ac9a7dd8-489b-4475-a14d-27ae393a5505,Jivo Pomace Olive Oil 1.0 LITER,8908000258549,"Atta, Rice, Oil & Dals",Oil,Jivo,Jivo Wellness Pvt. Ltd.,946950b7-1ce2-4bdf-a7c4-37499e3f5f34,Jaipur,1,1049,1049
07-08-2025,89804a83-79f3-45c6-b940-9c395451dffa,Jivo Cold Press Kachi Ghani Mustard Oil 1.0 LITER,8908000258198,"Atta, Rice, Oil & Dals",Oil,Jivo,Jivo Wellness Pvt. Ltd.,946950b7-1ce2-4bdf-a7c4-37499e3f5f34,Faridabad,1,255,255
07-08-2025,50b56b7f-3d9f-45c7-8161-c2327e8db652,Jivo Cold Press Canola Oil Combo | Bottle 2.0 LITER,8908000258181,"Atta, Rice, Oil & Dals",Oil,Jivo,Jivo Wellness Pvt. Ltd.,946950b7-1ce2-4bdf-a7c4-37499e3f5f34,SAS Nagar,1,750,750
05-08-2025,2300d5e1-ccd1-46ab-990d-aa7fee80bc5d,Jivo Extra Light Olive Oil 1.0 LITER,8908000258211,"Atta, Rice, Oil & Dals",Oil,Jivo,Jivo Wellness Pvt. Ltd.,946950b7-1ce2-4bdf-a7c4-37499e3f5f34,Dehradun,1,1499,1499
05-08-2025,41367ef4-80d9-4819-bbae-d1806c184f5c,Jivo Cold Press Groundnut Cooking Oil 1.0 LITER,8905604001199,"Atta, Rice, Oil & Dals",Oil,Jivo,Jivo Wellness Pvt. Ltd.,946950b7-1ce2-4bdf-a7c4-37499e3f5f34,Noida,3,560,1680
06-08-2025,06c8f55b-13a5-4d9b-8990-a418e63c89ad,Jivo Cold Press Sunflower Cooking Oil 1.0 LITER,8908000258235,"Atta, Rice, Oil & Dals",Oil,Jivo,Jivo Wellness Pvt. Ltd.,946950b7-1ce2-4bdf-a7c4-37499e3f5f34,Delhi,19,275,5225
04-08-2025,5d186472-6fe2-4643-af2f-2f9cd773986d,Jivo Extra Virgin Olive Oil | Bottle 1.0 LITER,8908000258723,"Atta, Rice, Oil & Dals",Oil,Jivo,Jivo Wellness Pvt. Ltd.,946950b7-1ce2-4bdf-a7c4-37499e3f5f34,Mumbai,2,1799,3598
08-08-2025,a81945f0-43ac-4970-82b4-c6c8986ee9ae,Jivo Pomace Olive Oil 5.0 LITER,8908000258457,"Atta, Rice, Oil & Dals",Oil,Jivo,Jivo Wellness Pvt. Ltd.,946950b7-1ce2-4bdf-a7c4-37499e3f5f34,Delhi,1,4999,4999
06-08-2025,4acb73bc-1e89-47d8-8625-05e6a34b698b,Jivo Rice Bran Daily Cooking Oil 1.0 LITER,8905604002059,"Atta, Rice, Oil & Dals",Oil,Jivo,Jivo Wellness Pvt. Ltd.,946950b7-1ce2-4bdf-a7c4-37499e3f5f34,Bengaluru,2,285,570
05-08-2025,a81945f0-43ac-4970-82b4-c6c8986ee9ae,Jivo Pomace Olive Oil 5.0 LITER,8908000258457,"Atta, Rice, Oil & Dals",Oil,Jivo,Jivo Wellness Pvt. Ltd.,946950b7-1ce2-4bdf-a7c4-37499e3f5f34,Gurugram,3,4999,14997
05-08-2025,41367ef4-80d9-4819-bbae-d1806c184f5c,Jivo Cold Press Groundnut Cooking Oil 1.0 LITER,8905604001199,"Atta, Rice, Oil & Dals",Oil,Jivo,Jivo Wellness Pvt. Ltd.,946950b7-1ce2-4bdf-a7c4-37499e3f5f34,Mumbai,3,560,1680
07-08-2025,89804a83-79f3-45c6-b940-9c395451dffa,Jivo Cold Press Kachi Ghani Mustard Oil 1.0 LITER,8908000258198,"Atta, Rice, Oil & Dals",Oil,Jivo,Jivo Wellness Pvt. Ltd.,946950b7-1ce2-4bdf-a7c4-37499e3f5f34,Gurugram,2,255,510
07-08-2025,89804a83-79f3-45c6-b940-9c395451dffa,Jivo Cold Press Kachi Ghani Mustard Oil 1.0 LITER,8908000258198,"Atta, Rice, Oil & Dals",Oil,Jivo,Jivo Wellness Pvt. Ltd.,946950b7-1ce2-4bdf-a7c4-37499e3f5f34,Ghaziabad,6,255,1530
04-08-2025,41367ef4-80d9-4819-bbae-d1806c184f5c,Jivo Cold Press Groundnut Cooking Oil 1.0 LITER,8905604001199,"Atta, Rice, Oil & Dals",Oil,Jivo,Jivo Wellness Pvt. Ltd.,946950b7-1ce2-4bdf-a7c4-37499e3f5f34,Gurugram,6,560,3360
06-08-2025,29e72c8c-7ff6-46e2-9721-ca4e9f612e98,Jivo Extra Light Olive Oil 2.0 LITER,8908000258402,"Atta, Rice, Oil & Dals",Oil,Jivo,Jivo Wellness Pvt. Ltd.,946950b7-1ce2-4bdf-a7c4-37499e3f5f34,Mumbai,5,2799,13995
06-08-2025,bc1af3d1-2a14-4296-b38e-e05ba43c3170,Jivo Gold Refined Oil Blend Of Rice Bran Oil and Sunflower Oil 1.0 LITER,8905604001076,"Atta, Rice, Oil & Dals",Oil,Jivo,Jivo Wellness Pvt. Ltd.,946950b7-1ce2-4bdf-a7c4-37499e3f5f34,Ghaziabad,3,225,675
07-08-2025,a81945f0-43ac-4970-82b4-c6c8986ee9ae,Jivo Pomace Olive Oil 5.0 LITER,8908000258457,"Atta, Rice, Oil & Dals",Oil,Jivo,Jivo Wellness Pvt. Ltd.,946950b7-1ce2-4bdf-a7c4-37499e3f5f34,Delhi,2,4999,9998
05-08-2025,06c8f55b-13a5-4d9b-8990-a418e63c89ad,Jivo Cold Press Sunflower Cooking Oil 1.0 LITER,8908000258235,"Atta, Rice, Oil & Dals",Oil,Jivo,Jivo Wellness Pvt. Ltd.,946950b7-1ce2-4bdf-a7c4-37499e3f5f34,Gurugram,7,275,1925
08-08-2025,5d186472-6fe2-4643-af2f-2f9cd773986d,Jivo Extra Virgin Olive Oil | Bottle 1.0 LITER,8908000258723,"Atta, Rice, Oil & Dals",Oil,Jivo,Jivo Wellness Pvt. Ltd.,946950b7-1ce2-4bdf-a7c4-37499e3f5f34,Delhi,1,1799,1799
05-08-2025,2300d5e1-ccd1-46ab-990d-aa7fee80bc5d,Jivo Extra Light Olive Oil 1.0 LITER,8908000258211,"Atta, Rice, Oil & Dals",Oil,Jivo,Jivo Wellness Pvt. Ltd.,946950b7-1ce2-4bdf-a7c4-37499e3f5f34,Jaipur,2,1499,2998
05-08-2025,5d186472-6fe2-4643-af2f-2f9cd773986d,Jivo Extra Virgin Olive Oil | Bottle 1.0 LITER,8908000258723,"Atta, Rice, Oil & Dals",Oil,Jivo,Jivo Wellness Pvt. Ltd.,946950b7-1ce2-4bdf-a7c4-37499e3f5f34,Gurugram,1,1799,1799
05-08-2025,bc1af3d1-2a14-4296-b38e-e05ba43c3170,Jivo Gold Refined Oil Blend Of Rice Bran Oil and Sunflower Oil 1.0 LITER,8905604001076,"Atta, Rice, Oil & Dals",Oil,Jivo,Jivo Wellness Pvt. Ltd.,946950b7-1ce2-4bdf-a7c4-37499e3f5f34,Noida,3,225,675
05-08-2025,06c8f55b-13a5-4d9b-8990-a418e63c89ad,Jivo Cold Press Sunflower Cooking Oil 1.0 LITER,8908000258235,"Atta, Rice, Oil & Dals",Oil,Jivo,Jivo Wellness Pvt. Ltd.,946950b7-1ce2-4bdf-a7c4-37499e3f5f34,Dehradun,2,275,550
08-08-2025,06c8f55b-13a5-4d9b-8990-a418e63c89ad,Jivo Cold Press Sunflower Cooking Oil 1.0 LITER,8908000258235,"Atta, Rice, Oil & Dals",Oil,Jivo,Jivo Wellness Pvt. Ltd.,946950b7-1ce2-4bdf-a7c4-37499e3f5f34,Delhi,1,275,275
05-08-2025,41367ef4-80d9-4819-bbae-d1806c184f5c,Jivo Cold Press Groundnut Cooking Oil 1.0 LITER,8905604001199,"Atta, Rice, Oil & Dals",Oil,Jivo,Jivo Wellness Pvt. Ltd.,946950b7-1ce2-4bdf-a7c4-37499e3f5f34,Jaipur,4,480,1920
07-08-2025,41367ef4-80d9-4819-bbae-d1806c184f5c,Jivo Cold Press Groundnut Cooking Oil 1.0 LITER,8905604001199,"Atta, Rice, Oil & Dals",Oil,Jivo,Jivo Wellness Pvt. Ltd.,946950b7-1ce2-4bdf-a7c4-37499e3f5f34,Gurugram,1,560,560
06-08-2025,06c8f55b-13a5-4d9b-8990-a418e63c89ad,Jivo Cold Press Sunflower Cooking Oil 1.0 LITER,8908000258235,"Atta, Rice, Oil & Dals",Oil,Jivo,Jivo Wellness Pvt. Ltd.,946950b7-1ce2-4bdf-a7c4-37499e3f5f34,Bengaluru,16,275,4400
04-08-2025,06c8f55b-13a5-4d9b-8990-a418e63c89ad,Jivo Cold Press Sunflower Cooking Oil 1.0 LITER,8908000258235,"Atta, Rice, Oil & Dals",Oil,Jivo,Jivo Wellness Pvt. Ltd.,946950b7-1ce2-4bdf-a7c4-37499e3f5f34,Faridabad,2,275,550
05-08-2025,4acb73bc-1e89-47d8-8625-05e6a34b698b,Jivo Rice Bran Daily Cooking Oil 1.0 LITER,8905604002059,"Atta, Rice, Oil & Dals",Oil,Jivo,Jivo Wellness Pvt. Ltd.,946950b7-1ce2-4bdf-a7c4-37499e3f5f34,Ghaziabad,1,285,285
05-08-2025,ac9a7dd8-489b-4475-a14d-27ae393a5505,Jivo Pomace Olive Oil 1.0 LITER,8908000258549,"Atta, Rice, Oil & Dals",Oil,Jivo,Jivo Wellness Pvt. Ltd.,946950b7-1ce2-4bdf-a7c4-37499e3f5f34,Hyderabad,2,1049,2098
07-08-2025,bc1af3d1-2a14-4296-b38e-e05ba43c3170,Jivo Gold Refined Oil Blend Of Rice Bran Oil and Sunflower Oil 1.0 LITER,8905604001076,"Atta, Rice, Oil & Dals",Oil,Jivo,Jivo Wellness Pvt. Ltd.,946950b7-1ce2-4bdf-a7c4-37499e3f5f34,Noida,2,225,450
06-08-2025,4acb73bc-1e89-47d8-8625-05e6a34b698b,Jivo Rice Bran Daily Cooking Oil 1.0 LITER,8905604002059,"Atta, Rice, Oil & Dals",Oil,Jivo,Jivo Wellness Pvt. Ltd.,946950b7-1ce2-4bdf-a7c4-37499e3f5f34,Noida,2,285,570
08-08-2025,89804a83-79f3-45c6-b940-9c395451dffa,Jivo Cold Press Kachi Ghani Mustard Oil 1.0 LITER,8908000258198,"Atta, Rice, Oil & Dals",Oil,Jivo,Jivo Wellness Pvt. Ltd.,946950b7-1ce2-4bdf-a7c4-37499e3f5f34,Bengaluru,1,255,255
07-08-2025,bc1af3d1-2a14-4296-b38e-e05ba43c3170,Jivo Gold Refined Oil Blend Of Rice Bran Oil and Sunflower Oil 1.0 LITER,8905604001076,"Atta, Rice, Oil & Dals",Oil,Jivo,Jivo Wellness Pvt. Ltd.,946950b7-1ce2-4bdf-a7c4-37499e3f5f34,Mumbai,4,225,900
06-08-2025,89804a83-79f3-45c6-b940-9c395451dffa,Jivo Cold Press Kachi Ghani Mustard Oil 1.0 LITER,8908000258198,"Atta, Rice, Oil & Dals",Oil,Jivo,Jivo Wellness Pvt. Ltd.,946950b7-1ce2-4bdf-a7c4-37499e3f5f34,Delhi,15,255,3825
04-08-2025,dc9c5857-5d89-45c7-895a-373097239ff7,Jivo So-Olive Blend Of Rice Bran and Olive Oil 1.0 LITER,8905604002080,"Atta, Rice, Oil & Dals",Oil,Jivo,Jivo Wellness Pvt. Ltd.,946950b7-1ce2-4bdf-a7c4-37499e3f5f34,Bengaluru,2,325,650
04-08-2025,50b56b7f-3d9f-45c7-8161-c2327e8db652,Jivo Cold Press Canola Oil Combo | Bottle 2.0 LITER,8908000258181,"Atta, Rice, Oil & Dals",Oil,Jivo,Jivo Wellness Pvt. Ltd.,946950b7-1ce2-4bdf-a7c4-37499e3f5f34,Delhi,2,750,1500
06-08-2025,2300d5e1-ccd1-46ab-990d-aa7fee80bc5d,Jivo Extra Light Olive Oil 1.0 LITER,8908000258211,"Atta, Rice, Oil & Dals",Oil,Jivo,Jivo Wellness Pvt. Ltd.,946950b7-1ce2-4bdf-a7c4-37499e3f5f34,Pune,2,1499,2998
07-08-2025,5d186472-6fe2-4643-af2f-2f9cd773986d,Jivo Extra Virgin Olive Oil | Bottle 1.0 LITER,8908000258723,"Atta, Rice, Oil & Dals",Oil,Jivo,Jivo Wellness Pvt. Ltd.,946950b7-1ce2-4bdf-a7c4-37499e3f5f34,Bengaluru,1,1799,1799
08-08-2025,06c8f55b-13a5-4d9b-8990-a418e63c89ad,Jivo Cold Press Sunflower Cooking Oil 1.0 LITER,8908000258235,"Atta, Rice, Oil & Dals",Oil,Jivo,Jivo Wellness Pvt. Ltd.,946950b7-1ce2-4bdf-a7c4-37499e3f5f34,Bengaluru,4,275,1100
07-08-2025,06c8f55b-13a5-4d9b-8990-a418e63c89ad,Jivo Cold Press Sunflower Cooking Oil 1.0 LITER,8908000258235,"Atta, Rice, Oil & Dals",Oil,Jivo,Jivo Wellness Pvt. Ltd.,946950b7-1ce2-4bdf-a7c4-37499e3f5f34,Mumbai,24,275,6600
06-08-2025,89804a83-79f3-45c6-b940-9c395451dffa,Jivo Cold Press Kachi Ghani Mustard Oil 1.0 LITER,8908000258198,"Atta, Rice, Oil & Dals",Oil,Jivo,Jivo Wellness Pvt. Ltd.,946950b7-1ce2-4bdf-a7c4-37499e3f5f34,Ghaziabad,10,255,2550
06-08-2025,4acb73bc-1e89-47d8-8625-05e6a34b698b,Jivo Rice Bran Daily Cooking Oil 1.0 LITER,8905604002059,"Atta, Rice, Oil & Dals",Oil,Jivo,Jivo Wellness Pvt. Ltd.,946950b7-1ce2-4bdf-a7c4-37499e3f5f34,Ghaziabad,2,285,570
05-08-2025,29e72c8c-7ff6-46e2-9721-ca4e9f612e98,Jivo Extra Light Olive Oil 2.0 LITER,8908000258402,"Atta, Rice, Oil & Dals",Oil,Jivo,Jivo Wellness Pvt. Ltd.,946950b7-1ce2-4bdf-a7c4-37499e3f5f34,Bengaluru,3,2799,8397
04-08-2025,ac9a7dd8-489b-4475-a14d-27ae393a5505,Jivo Pomace Olive Oil 1.0 LITER,8908000258549,"Atta, Rice, Oil & Dals",Oil,Jivo,Jivo Wellness Pvt. Ltd.,946950b7-1ce2-4bdf-a7c4-37499e3f5f34,Pune,1,1049,1049
06-08-2025,89804a83-79f3-45c6-b940-9c395451dffa,Jivo Cold Press Kachi Ghani Mustard Oil 1.0 LITER,8908000258198,"Atta, Rice, Oil & Dals",Oil,Jivo,Jivo Wellness Pvt. Ltd.,946950b7-1ce2-4bdf-a7c4-37499e3f5f34,Jaipur,1,255,255
05-08-2025,bc1af3d1-2a14-4296-b38e-e05ba43c3170,Jivo Gold Refined Oil Blend Of Rice Bran Oil and Sunflower Oil 1.0 LITER,8905604001076,"Atta, Rice, Oil & Dals",Oil,Jivo,Jivo Wellness Pvt. Ltd.,946950b7-1ce2-4bdf-a7c4-37499e3f5f34,Mumbai,5,225,1125
04-08-2025,ac9a7dd8-489b-4475-a14d-27ae393a5505,Jivo Pomace Olive Oil 1.0 LITER,8908000258549,"Atta, Rice, Oil & Dals",Oil,Jivo,Jivo Wellness Pvt. Ltd.,946950b7-1ce2-4bdf-a7c4-37499e3f5f34,Gurugram,4,1049,4196
06-08-2025,ac9a7dd8-489b-4475-a14d-27ae393a5505,Jivo Pomace Olive Oil 1.0 LITER,8908000258549,"Atta, Rice, Oil & Dals",Oil,Jivo,Jivo Wellness Pvt. Ltd.,946950b7-1ce2-4bdf-a7c4-37499e3f5f34,Noida,1,1049,1049
04-08-2025,c80ef4de-b2c3-4fb4-984b-4cb29b33db33,Jivo Extra Virgin Cooking Olive Oil 5.0 LITER,8905604000000,"Atta, Rice, Oil & Dals",Oil,Jivo,Jivo Wellness Pvt. Ltd.,946950b7-1ce2-4bdf-a7c4-37499e3f5f34,Bengaluru,1,7999,7999
08-08-2025,ac9a7dd8-489b-4475-a14d-27ae393a5505,Jivo Pomace Olive Oil 1.0 LITER,8908000258549,"Atta, Rice, Oil & Dals",Oil,Jivo,Jivo Wellness Pvt. Ltd.,946950b7-1ce2-4bdf-a7c4-37499e3f5f34,Faridabad,1,1049,1049
04-08-2025,50b56b7f-3d9f-45c7-8161-c2327e8db652,Jivo Cold Press Canola Oil Combo | Bottle 2.0 LITER,8908000258181,"Atta, Rice, Oil & Dals",Oil,Jivo,Jivo Wellness Pvt. Ltd.,946950b7-1ce2-4bdf-a7c4-37499e3f5f34,Lucknow,2,750,1500
04-08-2025,2300d5e1-ccd1-46ab-990d-aa7fee80bc5d,Jivo Extra Light Olive Oil 1.0 LITER,8908000258211,"Atta, Rice, Oil & Dals",Oil,Jivo,Jivo Wellness Pvt. Ltd.,946950b7-1ce2-4bdf-a7c4-37499e3f5f34,Hyderabad,3,1499,4497
05-08-2025,2300d5e1-ccd1-46ab-990d-aa7fee80bc5d,Jivo Extra Light Olive Oil 1.0 LITER,8908000258211,"Atta, Rice, Oil & Dals",Oil,Jivo,Jivo Wellness Pvt. Ltd.,946950b7-1ce2-4bdf-a7c4-37499e3f5f34,Noida,1,1499,1499
05-08-2025,5d186472-6fe2-4643-af2f-2f9cd773986d,Jivo Extra Virgin Olive Oil | Bottle 1.0 LITER,8908000258723,"Atta, Rice, Oil & Dals",Oil,Jivo,Jivo Wellness Pvt. Ltd.,946950b7-1ce2-4bdf-a7c4-37499e3f5f34,Bengaluru,2,1799,3598
07-08-2025,50b56b7f-3d9f-45c7-8161-c2327e8db652,Jivo Cold Press Canola Oil Combo | Bottle 2.0 LITER,8908000258181,"Atta, Rice, Oil & Dals",Oil,Jivo,Jivo Wellness Pvt. Ltd.,946950b7-1ce2-4bdf-a7c4-37499e3f5f34,Bengaluru,1,750,750
04-08-2025,acb567de-41a5-43b9-a075-baeeed763c73,Jivo Canola Pouch 1.0 LITER,8908000258129,"Atta, Rice, Oil & Dals",Oil,Jivo,Jivo Wellness Pvt. Ltd.,946950b7-1ce2-4bdf-a7c4-37499e3f5f34,Chennai,1,299,299
07-08-2025,4acb73bc-1e89-47d8-8625-05e6a34b698b,Jivo Rice Bran Daily Cooking Oil 1.0 LITER,8905604002059,"Atta, Rice, Oil & Dals",Oil,Jivo,Jivo Wellness Pvt. Ltd.,946950b7-1ce2-4bdf-a7c4-37499e3f5f34,Delhi,1,285,285
05-08-2025,29e72c8c-7ff6-46e2-9721-ca4e9f612e98,Jivo Extra Light Olive Oil 2.0 LITER,8908000258402,"Atta, Rice, Oil & Dals",Oil,Jivo,Jivo Wellness Pvt. Ltd.,946950b7-1ce2-4bdf-a7c4-37499e3f5f34,Delhi,6,2799,16794
08-08-2025,89804a83-79f3-45c6-b940-9c395451dffa,Jivo Cold Press Kachi Ghani Mustard Oil 1.0 LITER,8908000258198,"Atta, Rice, Oil & Dals",Oil,Jivo,Jivo Wellness Pvt. Ltd.,946950b7-1ce2-4bdf-a7c4-37499e3f5f34,Noida,5,255,1275
05-08-2025,29e72c8c-7ff6-46e2-9721-ca4e9f612e98,Jivo Extra Light Olive Oil 2.0 LITER,8908000258402,"Atta, Rice, Oil & Dals",Oil,Jivo,Jivo Wellness Pvt. Ltd.,946950b7-1ce2-4bdf-a7c4-37499e3f5f34,Gurugram,4,2799,11196
07-08-2025,4acb73bc-1e89-47d8-8625-05e6a34b698b,Jivo Rice Bran Daily Cooking Oil 1.0 LITER,8905604002059,"Atta, Rice, Oil & Dals",Oil,Jivo,Jivo Wellness Pvt. Ltd.,946950b7-1ce2-4bdf-a7c4-37499e3f5f34,Mumbai,1,285,285
08-08-2025,06c8f55b-13a5-4d9b-8990-a418e63c89ad,Jivo Cold Press Sunflower Cooking Oil 1.0 LITER,8908000258235,"Atta, Rice, Oil & Dals",Oil,Jivo,Jivo Wellness Pvt. Ltd.,946950b7-1ce2-4bdf-a7c4-37499e3f5f34,Noida,1,275,275
04-08-2025,06c8f55b-13a5-4d9b-8990-a418e63c89ad,Jivo Cold Press Sunflower Cooking Oil 1.0 LITER,8908000258235,"Atta, Rice, Oil & Dals",Oil,Jivo,Jivo Wellness Pvt. Ltd.,946950b7-1ce2-4bdf-a7c4-37499e3f5f34,Gurugram,6,275,1650
04-08-2025,ac9a7dd8-489b-4475-a14d-27ae393a5505,Jivo Pomace Olive Oil 1.0 LITER,8908000258549,"Atta, Rice, Oil & Dals",Oil,Jivo,Jivo Wellness Pvt. Ltd.,946950b7-1ce2-4bdf-a7c4-37499e3f5f34,Bengaluru,4,1049,4196
07-08-2025,5d186472-6fe2-4643-af2f-2f9cd773986d,Jivo Extra Virgin Olive Oil | Bottle 1.0 LITER,8908000258723,"Atta, Rice, Oil & Dals",Oil,Jivo,Jivo Wellness Pvt. Ltd.,946950b7-1ce2-4bdf-a7c4-37499e3f5f34,Delhi,3,1799,5397
08-08-2025,41367ef4-80d9-4819-bbae-d1806c184f5c,Jivo Cold Press Groundnut Cooking Oil 1.0 LITER,8905604001199,"Atta, Rice, Oil & Dals",Oil,Jivo,Jivo Wellness Pvt. Ltd.,946950b7-1ce2-4bdf-a7c4-37499e3f5f34,Ghaziabad,1,560,560
08-08-2025,2300d5e1-ccd1-46ab-990d-aa7fee80bc5d,Jivo Extra Light Olive Oil 1.0 LITER,8908000258211,"Atta, Rice, Oil & Dals",Oil,Jivo,Jivo Wellness Pvt. Ltd.,946950b7-1ce2-4bdf-a7c4-37499e3f5f34,Ghaziabad,1,1499,1499
05-08-2025,2300d5e1-ccd1-46ab-990d-aa7fee80bc5d,Jivo Extra Light Olive Oil 1.0 LITER,8908000258211,"Atta, Rice, Oil & Dals",Oil,Jivo,Jivo Wellness Pvt. Ltd.,946950b7-1ce2-4bdf-a7c4-37499e3f5f34,Pune,1,1499,1499
07-08-2025,ac9a7dd8-489b-4475-a14d-27ae393a5505,Jivo Pomace Olive Oil 1.0 LITER,8908000258549,"Atta, Rice, Oil & Dals",Oil,Jivo,Jivo Wellness Pvt. Ltd.,946950b7-1ce2-4bdf-a7c4-37499e3f5f34,Delhi,15,1049,15735
06-08-2025,ac9a7dd8-489b-4475-a14d-27ae393a5505,Jivo Pomace Olive Oil 1.0 LITER,8908000258549,"Atta, Rice, Oil & Dals",Oil,Jivo,Jivo Wellness Pvt. Ltd.,946950b7-1ce2-4bdf-a7c4-37499e3f5f34,Hyderabad,1,1049,1049
04-08-2025,06c8f55b-13a5-4d9b-8990-a418e63c89ad,Jivo Cold Press Sunflower Cooking Oil 1.0 LITER,8908000258235,"Atta, Rice, Oil & Dals",Oil,Jivo,Jivo Wellness Pvt. Ltd.,946950b7-1ce2-4bdf-a7c4-37499e3f5f34,SAS Nagar,1,275,275
04-08-2025,bc1af3d1-2a14-4296-b38e-e05ba43c3170,Jivo Gold Refined Oil Blend Of Rice Bran Oil and Sunflower Oil 1.0 LITER,8905604001076,"Atta, Rice, Oil & Dals",Oil,Jivo,Jivo Wellness Pvt. Ltd.,946950b7-1ce2-4bdf-a7c4-37499e3f5f34,Gurugram,1,225,225
06-08-2025,ac9a7dd8-489b-4475-a14d-27ae393a5505,Jivo Pomace Olive Oil 1.0 LITER,8908000258549,"Atta, Rice, Oil & Dals",Oil,Jivo,Jivo Wellness Pvt. Ltd.,946950b7-1ce2-4bdf-a7c4-37499e3f5f34,Mumbai,8,1049,8392
07-08-2025,29e72c8c-7ff6-46e2-9721-ca4e9f612e98,Jivo Extra Light Olive Oil 2.0 LITER,8908000258402,"Atta, Rice, Oil & Dals",Oil,Jivo,Jivo Wellness Pvt. Ltd.,946950b7-1ce2-4bdf-a7c4-37499e3f5f34,Mumbai,7,2799,19593
05-08-2025,29e72c8c-7ff6-46e2-9721-ca4e9f612e98,Jivo Extra Light Olive Oil 2.0 LITER,8908000258402,"Atta, Rice, Oil & Dals",Oil,Jivo,Jivo Wellness Pvt. Ltd.,946950b7-1ce2-4bdf-a7c4-37499e3f5f34,Mumbai,9,2799,25191
04-08-2025,a81945f0-43ac-4970-82b4-c6c8986ee9ae,Jivo Pomace Olive Oil 5.0 LITER,8908000258457,"Atta, Rice, Oil & Dals",Oil,Jivo,Jivo Wellness Pvt. Ltd.,946950b7-1ce2-4bdf-a7c4-37499e3f5f34,Mumbai,1,4999,4999
06-08-2025,29e72c8c-7ff6-46e2-9721-ca4e9f612e98,Jivo Extra Light Olive Oil 2.0 LITER,8908000258402,"Atta, Rice, Oil & Dals",Oil,Jivo,Jivo Wellness Pvt. Ltd.,946950b7-1ce2-4bdf-a7c4-37499e3f5f34,Hyderabad,2,2799,5598
04-08-2025,06c8f55b-13a5-4d9b-8990-a418e63c89ad,Jivo Cold Press Sunflower Cooking Oil 1.0 LITER,8908000258235,"Atta, Rice, Oil & Dals",Oil,Jivo,Jivo Wellness Pvt. Ltd.,946950b7-1ce2-4bdf-a7c4-37499e3f5f34,Mumbai,11,275,3025
04-08-2025,908b9ad9-300c-45ca-b6e7-b2345f89b581,Jivo A2 Desi Cow Ghee 1.0 LITER,8905604000307,"Atta, Rice, Oil & Dals",Ghee,Jivo,Jivo Wellness Pvt. Ltd.,946950b7-1ce2-4bdf-a7c4-37499e3f5f34,Hyderabad,1,4000,4000
04-08-2025,29e72c8c-7ff6-46e2-9721-ca4e9f612e98,Jivo Extra Light Olive Oil 2.0 LITER,8908000258402,"Atta, Rice, Oil & Dals",Oil,Jivo,Jivo Wellness Pvt. Ltd.,946950b7-1ce2-4bdf-a7c4-37499e3f5f34,Ambala,1,2799,2799
05-08-2025,06c8f55b-13a5-4d9b-8990-a418e63c89ad,Jivo Cold Press Sunflower Cooking Oil 1.0 LITER,8908000258235,"Atta, Rice, Oil & Dals",Oil,Jivo,Jivo Wellness Pvt. Ltd.,946950b7-1ce2-4bdf-a7c4-37499e3f5f34,Delhi,12,275,3300
04-08-2025,acb567de-41a5-43b9-a075-baeeed763c73,Jivo Canola Pouch 1.0 LITER,8908000258129,"Atta, Rice, Oil & Dals",Oil,Jivo,Jivo Wellness Pvt. Ltd.,946950b7-1ce2-4bdf-a7c4-37499e3f5f34,Hyderabad,2,299,598
05-08-2025,41367ef4-80d9-4819-bbae-d1806c184f5c,Jivo Cold Press Groundnut Cooking Oil 1.0 LITER,8905604001199,"Atta, Rice, Oil & Dals",Oil,Jivo,Jivo Wellness Pvt. Ltd.,946950b7-1ce2-4bdf-a7c4-37499e3f5f34,Ghaziabad,3,560,1680
07-08-2025,06c8f55b-13a5-4d9b-8990-a418e63c89ad,Jivo Cold Press Sunflower Cooking Oil 1.0 LITER,8908000258235,"Atta, Rice, Oil & Dals",Oil,Jivo,Jivo Wellness Pvt. Ltd.,946950b7-1ce2-4bdf-a7c4-37499e3f5f34,Ghaziabad,2,275,550
05-08-2025,50b56b7f-3d9f-45c7-8161-c2327e8db652,Jivo Cold Press Canola Oil Combo | Bottle 2.0 LITER,8908000258181,"Atta, Rice, Oil & Dals",Oil,Jivo,Jivo Wellness Pvt. Ltd.,946950b7-1ce2-4bdf-a7c4-37499e3f5f34,Prayagraj,1,750,750
07-08-2025,908b9ad9-300c-45ca-b6e7-b2345f89b581,Jivo A2 Desi Cow Ghee 1.0 LITER,8905604000307,"Atta, Rice, Oil & Dals",Ghee,Jivo,Jivo Wellness Pvt. Ltd.,946950b7-1ce2-4bdf-a7c4-37499e3f5f34,Mumbai,1,4000,4000
05-08-2025,06c8f55b-13a5-4d9b-8990-a418e63c89ad,Jivo Cold Press Sunflower Cooking Oil 1.0 LITER,8908000258235,"Atta, Rice, Oil & Dals",Oil,Jivo,Jivo Wellness Pvt. Ltd.,946950b7-1ce2-4bdf-a7c4-37499e3f5f34,Lucknow,2,275,550
04-08-2025,89804a83-79f3-45c6-b940-9c395451dffa,Jivo Cold Press Kachi Ghani Mustard Oil 1.0 LITER,8908000258198,"Atta, Rice, Oil & Dals",Oil,Jivo,Jivo Wellness Pvt. Ltd.,946950b7-1ce2-4bdf-a7c4-37499e3f5f34,Delhi,11,255,2805
08-08-2025,41367ef4-80d9-4819-bbae-d1806c184f5c,Jivo Cold Press Groundnut Cooking Oil 1.0 LITER,8905604001199,"Atta, Rice, Oil & Dals",Oil,Jivo,Jivo Wellness Pvt. Ltd.,946950b7-1ce2-4bdf-a7c4-37499e3f5f34,Bengaluru,3,560,1680
06-08-2025,50b56b7f-3d9f-45c7-8161-c2327e8db652,Jivo Cold Press Canola Oil Combo | Bottle 2.0 LITER,8908000258181,"Atta, Rice, Oil & Dals",Oil,Jivo,Jivo Wellness Pvt. Ltd.,946950b7-1ce2-4bdf-a7c4-37499e3f5f34,Bengaluru,5,750,3750
06-08-2025,29e72c8c-7ff6-46e2-9721-ca4e9f612e98,Jivo Extra Light Olive Oil 2.0 LITER,8908000258402,"Atta, Rice, Oil & Dals",Oil,Jivo,Jivo Wellness Pvt. Ltd.,946950b7-1ce2-4bdf-a7c4-37499e3f5f34,Gurugram,3,2799,8397
04-08-2025,ac9a7dd8-489b-4475-a14d-27ae393a5505,Jivo Pomace Olive Oil 1.0 LITER,8908000258549,"Atta, Rice, Oil & Dals",Oil,Jivo,Jivo Wellness Pvt. Ltd.,946950b7-1ce2-4bdf-a7c4-37499e3f5f34,Ambala,1,1049,1049
05-08-2025,2300d5e1-ccd1-46ab-990d-aa7fee80bc5d,Jivo Extra Light Olive Oil 1.0 LITER,8908000258211,"Atta, Rice, Oil & Dals",Oil,Jivo,Jivo Wellness Pvt. Ltd.,946950b7-1ce2-4bdf-a7c4-37499e3f5f34,Chandigarh,1,1499,1499
06-08-2025,2300d5e1-ccd1-46ab-990d-aa7fee80bc5d,Jivo Extra Light Olive Oil 1.0 LITER,8908000258211,"Atta, Rice, Oil & Dals",Oil,Jivo,Jivo Wellness Pvt. Ltd.,946950b7-1ce2-4bdf-a7c4-37499e3f5f34,Dehradun,1,1499,1499
07-08-2025,acb567de-41a5-43b9-a075-baeeed763c73,Jivo Canola Pouch 1.0 LITER,8908000258129,"Atta, Rice, Oil & Dals",Oil,Jivo,Jivo Wellness Pvt. Ltd.,946950b7-1ce2-4bdf-a7c4-37499e3f5f34,Hyderabad,1,299,299
06-08-2025,89804a83-79f3-45c6-b940-9c395451dffa,Jivo Cold Press Kachi Ghani Mustard Oil 1.0 LITER,8908000258198,"Atta, Rice, Oil & Dals",Oil,Jivo,Jivo Wellness Pvt. Ltd.,946950b7-1ce2-4bdf-a7c4-37499e3f5f34,Faridabad,1,255,255
06-08-2025,50b56b7f-3d9f-45c7-8161-c2327e8db652,Jivo Cold Press Canola Oil Combo | Bottle 2.0 LITER,8908000258181,"Atta, Rice, Oil & Dals",Oil,Jivo,Jivo Wellness Pvt. Ltd.,946950b7-1ce2-4bdf-a7c4-37499e3f5f34,SAS Nagar,2,750,1500
08-08-2025,89804a83-79f3-45c6-b940-9c395451dffa,Jivo Cold Press Kachi Ghani Mustard Oil 1.0 LITER,8908000258198,"Atta, Rice, Oil & Dals",Oil,Jivo,Jivo Wellness Pvt. Ltd.,946950b7-1ce2-4bdf-a7c4-37499e3f5f34,Jaipur,1,255,255
07-08-2025,41367ef4-80d9-4819-bbae-d1806c184f5c,Jivo Cold Press Groundnut Cooking Oil 1.0 LITER,8905604001199,"Atta, Rice, Oil & Dals",Oil,Jivo,Jivo Wellness Pvt. Ltd.,946950b7-1ce2-4bdf-a7c4-37499e3f5f34,Dehradun,1,560,560
04-08-2025,41367ef4-80d9-4819-bbae-d1806c184f5c,Jivo Cold Press Groundnut Cooking Oil 1.0 LITER,8905604001199,"Atta, Rice, Oil & Dals",Oil,Jivo,Jivo Wellness Pvt. Ltd.,946950b7-1ce2-4bdf-a7c4-37499e3f5f34,Bengaluru,5,560,2800
08-08-2025,50b56b7f-3d9f-45c7-8161-c2327e8db652,Jivo Cold Press Canola Oil Combo | Bottle 2.0 LITER,8908000258181,"Atta, Rice, Oil & Dals",Oil,Jivo,Jivo Wellness Pvt. Ltd.,946950b7-1ce2-4bdf-a7c4-37499e3f5f34,Mumbai,0,0,0
08-08-2025,41367ef4-80d9-4819-bbae-d1806c184f5c,Jivo Cold Press Groundnut Cooking Oil 1.0 LITER,8905604001199,"Atta, Rice, Oil & Dals",Oil,Jivo,Jivo Wellness Pvt. Ltd.,946950b7-1ce2-4bdf-a7c4-37499e3f5f34,Gurugram,2,560,1120
07-08-2025,29e72c8c-7ff6-46e2-9721-ca4e9f612e98,Jivo Extra Light Olive Oil 2.0 LITER,8908000258402,"Atta, Rice, Oil & Dals",Oil,Jivo,Jivo Wellness Pvt. Ltd.,946950b7-1ce2-4bdf-a7c4-37499e3f5f34,Delhi,2,2799,5598
07-08-2025,2300d5e1-ccd1-46ab-990d-aa7fee80bc5d,Jivo Extra Light Olive Oil 1.0 LITER,8908000258211,"Atta, Rice, Oil & Dals",Oil,Jivo,Jivo Wellness Pvt. Ltd.,946950b7-1ce2-4bdf-a7c4-37499e3f5f34,Ghaziabad,1,1499,1499
04-08-2025,ac9a7dd8-489b-4475-a14d-27ae393a5505,Jivo Pomace Olive Oil 1.0 LITER,8908000258549,"Atta, Rice, Oil & Dals",Oil,Jivo,Jivo Wellness Pvt. Ltd.,946950b7-1ce2-4bdf-a7c4-37499e3f5f34,Hyderabad,2,1049,2098
07-08-2025,2300d5e1-ccd1-46ab-990d-aa7fee80bc5d,Jivo Extra Light Olive Oil 1.0 LITER,8908000258211,"Atta, Rice, Oil & Dals",Oil,Jivo,Jivo Wellness Pvt. Ltd.,946950b7-1ce2-4bdf-a7c4-37499e3f5f34,Faridabad,1,1499,1499
07-08-2025,2300d5e1-ccd1-46ab-990d-aa7fee80bc5d,Jivo Extra Light Olive Oil 1.0 LITER,8908000258211,"Atta, Rice, Oil & Dals",Oil,Jivo,Jivo Wellness Pvt. Ltd.,946950b7-1ce2-4bdf-a7c4-37499e3f5f34,Kanpur,2,1499,2998
07-08-2025,89804a83-79f3-45c6-b940-9c395451dffa,Jivo Cold Press Kachi Ghani Mustard Oil 1.0 LITER,8908000258198,"Atta, Rice, Oil & Dals",Oil,Jivo,Jivo Wellness Pvt. Ltd.,946950b7-1ce2-4bdf-a7c4-37499e3f5f34,Noida,3,255,765
05-08-2025,06c8f55b-13a5-4d9b-8990-a418e63c89ad,Jivo Cold Press Sunflower Cooking Oil 1.0 LITER,8908000258235,"Atta, Rice, Oil & Dals",Oil,Jivo,Jivo Wellness Pvt. Ltd.,946950b7-1ce2-4bdf-a7c4-37499e3f5f34,Ghaziabad,3,275,825
04-08-2025,89804a83-79f3-45c6-b940-9c395451dffa,Jivo Cold Press Kachi Ghani Mustard Oil 1.0 LITER,8908000258198,"Atta, Rice, Oil & Dals",Oil,Jivo,Jivo Wellness Pvt. Ltd.,946950b7-1ce2-4bdf-a7c4-37499e3f5f34,Ghaziabad,8,255,2040
07-08-2025,50b56b7f-3d9f-45c7-8161-c2327e8db652,Jivo Cold Press Canola Oil Combo | Bottle 2.0 LITER,8908000258181,"Atta, Rice, Oil & Dals",Oil,Jivo,Jivo Wellness Pvt. Ltd.,946950b7-1ce2-4bdf-a7c4-37499e3f5f34,Delhi,7,750,5250
08-08-2025,8eedf6ff-d36c-4313-88e4-6aa571372f46,Jivo Daily Pomace Olive Oil 2.0 LITER,8905604000703,"Atta, Rice, Oil & Dals",Oil,Jivo,Jivo Wellness Pvt. Ltd.,946950b7-1ce2-4bdf-a7c4-37499e3f5f34,Bengaluru,1,1449,1449
04-08-2025,a81945f0-43ac-4970-82b4-c6c8986ee9ae,Jivo Pomace Olive Oil 5.0 LITER,8908000258457,"Atta, Rice, Oil & Dals",Oil,Jivo,Jivo Wellness Pvt. Ltd.,946950b7-1ce2-4bdf-a7c4-37499e3f5f34,Delhi,4,4999,19996
07-08-2025,89804a83-79f3-45c6-b940-9c395451dffa,Jivo Cold Press Kachi Ghani Mustard Oil 1.0 LITER,8908000258198,"Atta, Rice, Oil & Dals",Oil,Jivo,Jivo Wellness Pvt. Ltd.,946950b7-1ce2-4bdf-a7c4-37499e3f5f34,Bengaluru,3,255,765
05-08-2025,ac9a7dd8-489b-4475-a14d-27ae393a5505,Jivo Pomace Olive Oil 1.0 LITER,8908000258549,"Atta, Rice, Oil & Dals",Oil,Jivo,Jivo Wellness Pvt. Ltd.,946950b7-1ce2-4bdf-a7c4-37499e3f5f34,Pune,2,1049,2098
05-08-2025,41367ef4-80d9-4819-bbae-d1806c184f5c,Jivo Cold Press Groundnut Cooking Oil 1.0 LITER,8905604001199,"Atta, Rice, Oil & Dals",Oil,Jivo,Jivo Wellness Pvt. Ltd.,946950b7-1ce2-4bdf-a7c4-37499e3f5f34,Nashik,1,560,560
08-08-2025,bc1af3d1-2a14-4296-b38e-e05ba43c3170,Jivo Gold Refined Oil Blend Of Rice Bran Oil and Sunflower Oil 1.0 LITER,8905604001076,"Atta, Rice, Oil & Dals",Oil,Jivo,Jivo Wellness Pvt. Ltd.,946950b7-1ce2-4bdf-a7c4-37499e3f5f34,Delhi,1,225,225
05-08-2025,4acb73bc-1e89-47d8-8625-05e6a34b698b,Jivo Rice Bran Daily Cooking Oil 1.0 LITER,8905604002059,"Atta, Rice, Oil & Dals",Oil,Jivo,Jivo Wellness Pvt. Ltd.,946950b7-1ce2-4bdf-a7c4-37499e3f5f34,Mumbai,2,285,570
07-08-2025,5d186472-6fe2-4643-af2f-2f9cd773986d,Jivo Extra Virgin Olive Oil | Bottle 1.0 LITER,8908000258723,"Atta, Rice, Oil & Dals",Oil,Jivo,Jivo Wellness Pvt. Ltd.,946950b7-1ce2-4bdf-a7c4-37499e3f5f34,Noida,1,1799,1799
05-08-2025,41367ef4-80d9-4819-bbae-d1806c184f5c,Jivo Cold Press Groundnut Cooking Oil 1.0 LITER,8905604001199,"Atta, Rice, Oil & Dals",Oil,Jivo,Jivo Wellness Pvt. Ltd.,946950b7-1ce2-4bdf-a7c4-37499e3f5f34,Delhi,9,560,5040
07-08-2025,06c8f55b-13a5-4d9b-8990-a418e63c89ad,Jivo Cold Press Sunflower Cooking Oil 1.0 LITER,8908000258235,"Atta, Rice, Oil & Dals",Oil,Jivo,Jivo Wellness Pvt. Ltd.,946950b7-1ce2-4bdf-a7c4-37499e3f5f34,Bengaluru,9,275,2475
06-08-2025,50b56b7f-3d9f-45c7-8161-c2327e8db652,Jivo Cold Press Canola Oil Combo | Bottle 2.0 LITER,8908000258181,"Atta, Rice, Oil & Dals",Oil,Jivo,Jivo Wellness Pvt. Ltd.,946950b7-1ce2-4bdf-a7c4-37499e3f5f34,Delhi,2,750,1500
06-08-2025,29e72c8c-7ff6-46e2-9721-ca4e9f612e98,Jivo Extra Light Olive Oil 2.0 LITER,8908000258402,"Atta, Rice, Oil & Dals",Oil,Jivo,Jivo Wellness Pvt. Ltd.,946950b7-1ce2-4bdf-a7c4-37499e3f5f34,Faridabad,2,2799,5598
06-08-2025,41367ef4-80d9-4819-bbae-d1806c184f5c,Jivo Cold Press Groundnut Cooking Oil 1.0 LITER,8905604001199,"Atta, Rice, Oil & Dals",Oil,Jivo,Jivo Wellness Pvt. Ltd.,946950b7-1ce2-4bdf-a7c4-37499e3f5f34,Bengaluru,6,533.33,3200
06-08-2025,29e72c8c-7ff6-46e2-9721-ca4e9f612e98,Jivo Extra Light Olive Oil 2.0 LITER,8908000258402,"Atta, Rice, Oil & Dals",Oil,Jivo,Jivo Wellness Pvt. Ltd.,946950b7-1ce2-4bdf-a7c4-37499e3f5f34,Bengaluru,2,2799,5598
04-08-2025,89804a83-79f3-45c6-b940-9c395451dffa,Jivo Cold Press Kachi Ghani Mustard Oil 1.0 LITER,8908000258198,"Atta, Rice, Oil & Dals",Oil,Jivo,Jivo Wellness Pvt. Ltd.,946950b7-1ce2-4bdf-a7c4-37499e3f5f34,Jaipur,1,255,255
04-08-2025,2300d5e1-ccd1-46ab-990d-aa7fee80bc5d,Jivo Extra Light Olive Oil 1.0 LITER,8908000258211,"Atta, Rice, Oil & Dals",Oil,Jivo,Jivo Wellness Pvt. Ltd.,946950b7-1ce2-4bdf-a7c4-37499e3f5f34,Gurugram,6,1499,8994
04-08-2025,50b56b7f-3d9f-45c7-8161-c2327e8db652,Jivo Cold Press Canola Oil Combo | Bottle 2.0 LITER,8908000258181,"Atta, Rice, Oil & Dals",Oil,Jivo,Jivo Wellness Pvt. Ltd.,946950b7-1ce2-4bdf-a7c4-37499e3f5f34,Ghaziabad,2,750,1500
07-08-2025,2300d5e1-ccd1-46ab-990d-aa7fee80bc5d,Jivo Extra Light Olive Oil 1.0 LITER,8908000258211,"Atta, Rice, Oil & Dals",Oil,Jivo,Jivo Wellness Pvt. Ltd.,946950b7-1ce2-4bdf-a7c4-37499e3f5f34,Noida,1,1499,1499
07-08-2025,bc1af3d1-2a14-4296-b38e-e05ba43c3170,Jivo Gold Refined Oil Blend Of Rice Bran Oil and Sunflower Oil 1.0 LITER,8905604001076,"Atta, Rice, Oil & Dals",Oil,Jivo,Jivo Wellness Pvt. Ltd.,946950b7-1ce2-4bdf-a7c4-37499e3f5f34,Gurugram,4,225,900
04-08-2025,2300d5e1-ccd1-46ab-990d-aa7fee80bc5d,Jivo Extra Light Olive Oil 1.0 LITER,8908000258211,"Atta, Rice, Oil & Dals",Oil,Jivo,Jivo Wellness Pvt. Ltd.,946950b7-1ce2-4bdf-a7c4-37499e3f5f34,Pune,2,1499,2998
06-08-2025,2300d5e1-ccd1-46ab-990d-aa7fee80bc5d,Jivo Extra Light Olive Oil 1.0 LITER,8908000258211,"Atta, Rice, Oil & Dals",Oil,Jivo,Jivo Wellness Pvt. Ltd.,946950b7-1ce2-4bdf-a7c4-37499e3f5f34,Bengaluru,16,1499,23984
04-08-2025,41367ef4-80d9-4819-bbae-d1806c184f5c,Jivo Cold Press Groundnut Cooking Oil 1.0 LITER,8905604001199,"Atta, Rice, Oil & Dals",Oil,Jivo,Jivo Wellness Pvt. Ltd.,946950b7-1ce2-4bdf-a7c4-37499e3f5f34,Lucknow,5,528,2640
04-08-2025,41367ef4-80d9-4819-bbae-d1806c184f5c,Jivo Cold Press Groundnut Cooking Oil 1.0 LITER,8905604001199,"Atta, Rice, Oil & Dals",Oil,Jivo,Jivo Wellness Pvt. Ltd.,946950b7-1ce2-4bdf-a7c4-37499e3f5f34,SAS Nagar,2,560,1120
04-08-2025,ac9a7dd8-489b-4475-a14d-27ae393a5505,Jivo Pomace Olive Oil 1.0 LITER,8908000258549,"Atta, Rice, Oil & Dals",Oil,Jivo,Jivo Wellness Pvt. Ltd.,946950b7-1ce2-4bdf-a7c4-37499e3f5f34,Delhi,18,1049,18882
05-08-2025,ac9a7dd8-489b-4475-a14d-27ae393a5505,Jivo Pomace Olive Oil 1.0 LITER,8908000258549,"Atta, Rice, Oil & Dals",Oil,Jivo,Jivo Wellness Pvt. Ltd.,946950b7-1ce2-4bdf-a7c4-37499e3f5f34,Delhi,24,1049,25176
04-08-2025,89804a83-79f3-45c6-b940-9c395451dffa,Jivo Cold Press Kachi Ghani Mustard Oil 1.0 LITER,8908000258198,"Atta, Rice, Oil & Dals",Oil,Jivo,Jivo Wellness Pvt. Ltd.,946950b7-1ce2-4bdf-a7c4-37499e3f5f34,Noida,14,255,3570
05-08-2025,4acb73bc-1e89-47d8-8625-05e6a34b698b,Jivo Rice Bran Daily Cooking Oil 1.0 LITER,8905604002059,"Atta, Rice, Oil & Dals",Oil,Jivo,Jivo Wellness Pvt. Ltd.,946950b7-1ce2-4bdf-a7c4-37499e3f5f34,Gurugram,2,285,570
06-08-2025,8eedf6ff-d36c-4313-88e4-6aa571372f46,Jivo Daily Pomace Olive Oil 2.0 LITER,8905604000703,"Atta, Rice, Oil & Dals",Oil,Jivo,Jivo Wellness Pvt. Ltd.,946950b7-1ce2-4bdf-a7c4-37499e3f5f34,Bengaluru,2,1449,2898
07-08-2025,50b56b7f-3d9f-45c7-8161-c2327e8db652,Jivo Cold Press Canola Oil Combo | Bottle 2.0 LITER,8908000258181,"Atta, Rice, Oil & Dals",Oil,Jivo,Jivo Wellness Pvt. Ltd.,946950b7-1ce2-4bdf-a7c4-37499e3f5f34,Mumbai,5,750,3750
06-08-2025,41367ef4-80d9-4819-bbae-d1806c184f5c,Jivo Cold Press Groundnut Cooking Oil 1.0 LITER,8905604001199,"Atta, Rice, Oil & Dals",Oil,Jivo,Jivo Wellness Pvt. Ltd.,946950b7-1ce2-4bdf-a7c4-37499e3f5f34,Gurugram,4,560,2240
05-08-2025,50b56b7f-3d9f-45c7-8161-c2327e8db652,Jivo Cold Press Canola Oil Combo | Bottle 2.0 LITER,8908000258181,"Atta, Rice, Oil & Dals",Oil,Jivo,Jivo Wellness Pvt. Ltd.,946950b7-1ce2-4bdf-a7c4-37499e3f5f34,Ghaziabad,1,750,750
04-08-2025,bc1af3d1-2a14-4296-b38e-e05ba43c3170,Jivo Gold Refined Oil Blend Of Rice Bran Oil and Sunflower Oil 1.0 LITER,8905604001076,"Atta, Rice, Oil & Dals",Oil,Jivo,Jivo Wellness Pvt. Ltd.,946950b7-1ce2-4bdf-a7c4-37499e3f5f34,Noida,2,225,450
06-08-2025,ac9a7dd8-489b-4475-a14d-27ae393a5505,Jivo Pomace Olive Oil 1.0 LITER,8908000258549,"Atta, Rice, Oil & Dals",Oil,Jivo,Jivo Wellness Pvt. Ltd.,946950b7-1ce2-4bdf-a7c4-37499e3f5f34,Faridabad,2,1049,2098
06-08-2025,89804a83-79f3-45c6-b940-9c395451dffa,Jivo Cold Press Kachi Ghani Mustard Oil 1.0 LITER,8908000258198,"Atta, Rice, Oil & Dals",Oil,Jivo,Jivo Wellness Pvt. Ltd.,946950b7-1ce2-4bdf-a7c4-37499e3f5f34,Noida,7,255,1785
04-08-2025,4acb73bc-1e89-47d8-8625-05e6a34b698b,Jivo Rice Bran Daily Cooking Oil 1.0 LITER,8905604002059,"Atta, Rice, Oil & Dals",Oil,Jivo,Jivo Wellness Pvt. Ltd.,946950b7-1ce2-4bdf-a7c4-37499e3f5f34,Gurugram,2,285,570
07-08-2025,ac9a7dd8-489b-4475-a14d-27ae393a5505,Jivo Pomace Olive Oil 1.0 LITER,8908000258549,"Atta, Rice, Oil & Dals",Oil,Jivo,Jivo Wellness Pvt. Ltd.,946950b7-1ce2-4bdf-a7c4-37499e3f5f34,Noida,1,1049,1049
04-08-2025,50b56b7f-3d9f-45c7-8161-c2327e8db652,Jivo Cold Press Canola Oil Combo | Bottle 2.0 LITER,8908000258181,"Atta, Rice, Oil & Dals",Oil,Jivo,Jivo Wellness Pvt. Ltd.,946950b7-1ce2-4bdf-a7c4-37499e3f5f34,Gurugram,2,750,1500
06-08-2025,ac9a7dd8-489b-4475-a14d-27ae393a5505,Jivo Pomace Olive Oil 1.0 LITER,8908000258549,"Atta, Rice, Oil & Dals",Oil,Jivo,Jivo Wellness Pvt. Ltd.,946950b7-1ce2-4bdf-a7c4-37499e3f5f34,Bengaluru,7,1049,7343
08-08-2025,29e72c8c-7ff6-46e2-9721-ca4e9f612e98,Jivo Extra Light Olive Oil 2.0 LITER,8908000258402,"Atta, Rice, Oil & Dals",Oil,Jivo,Jivo Wellness Pvt. Ltd.,946950b7-1ce2-4bdf-a7c4-37499e3f5f34,Noida,1,2799,2799
04-08-2025,06c8f55b-13a5-4d9b-8990-a418e63c89ad,Jivo Cold Press Sunflower Cooking Oil 1.0 LITER,8908000258235,"Atta, Rice, Oil & Dals",Oil,Jivo,Jivo Wellness Pvt. Ltd.,946950b7-1ce2-4bdf-a7c4-37499e3f5f34,Delhi,8,275,2200
06-08-2025,5d186472-6fe2-4643-af2f-2f9cd773986d,Jivo Extra Virgin Olive Oil | Bottle 1.0 LITER,8908000258723,"Atta, Rice, Oil & Dals",Oil,Jivo,Jivo Wellness Pvt. Ltd.,946950b7-1ce2-4bdf-a7c4-37499e3f5f34,Noida,1,1799,1799
08-08-2025,29e72c8c-7ff6-46e2-9721-ca4e9f612e98,Jivo Extra Light Olive Oil 2.0 LITER,8908000258402,"Atta, Rice, Oil & Dals",Oil,Jivo,Jivo Wellness Pvt. Ltd.,946950b7-1ce2-4bdf-a7c4-37499e3f5f34,Mumbai,2,2799,5598
07-08-2025,2300d5e1-ccd1-46ab-990d-aa7fee80bc5d,Jivo Extra Light Olive Oil 1.0 LITER,8908000258211,"Atta, Rice, Oil & Dals",Oil,Jivo,Jivo Wellness Pvt. Ltd.,946950b7-1ce2-4bdf-a7c4-37499e3f5f34,Delhi,8,1499,11992
07-08-2025,06c8f55b-13a5-4d9b-8990-a418e63c89ad,Jivo Cold Press Sunflower Cooking Oil 1.0 LITER,8908000258235,"Atta, Rice, Oil & Dals",Oil,Jivo,Jivo Wellness Pvt. Ltd.,946950b7-1ce2-4bdf-a7c4-37499e3f5f34,SAS Nagar,2,275,550
07-08-2025,89804a83-79f3-45c6-b940-9c395451dffa,Jivo Cold Press Kachi Ghani Mustard Oil 1.0 LITER,8908000258198,"Atta, Rice, Oil & Dals",Oil,Jivo,Jivo Wellness Pvt. Ltd.,946950b7-1ce2-4bdf-a7c4-37499e3f5f34,Jaipur,2,255,510
07-08-2025,29e72c8c-7ff6-46e2-9721-ca4e9f612e98,Jivo Extra Light Olive Oil 2.0 LITER,8908000258402,"Atta, Rice, Oil & Dals",Oil,Jivo,Jivo Wellness Pvt. Ltd.,946950b7-1ce2-4bdf-a7c4-37499e3f5f34,Gurugram,2,2799,5598
04-08-2025,ac9a7dd8-489b-4475-a14d-27ae393a5505,Jivo Pomace Olive Oil 1.0 LITER,8908000258549,"Atta, Rice, Oil & Dals",Oil,Jivo,Jivo Wellness Pvt. Ltd.,946950b7-1ce2-4bdf-a7c4-37499e3f5f34,Mumbai,4,1049,4196
07-08-2025,bc1af3d1-2a14-4296-b38e-e05ba43c3170,Jivo Gold Refined Oil Blend Of Rice Bran Oil and Sunflower Oil 1.0 LITER,8905604001076,"Atta, Rice, Oil & Dals",Oil,Jivo,Jivo Wellness Pvt. Ltd.,946950b7-1ce2-4bdf-a7c4-37499e3f5f34,Faridabad,1,225,225
06-08-2025,bc1af3d1-2a14-4296-b38e-e05ba43c3170,Jivo Gold Refined Oil Blend Of Rice Bran Oil and Sunflower Oil 1.0 LITER,8905604001076,"Atta, Rice, Oil & Dals",Oil,Jivo,Jivo Wellness Pvt. Ltd.,946950b7-1ce2-4bdf-a7c4-37499e3f5f34,Gurugram,3,225,675
06-08-2025,a81945f0-43ac-4970-82b4-c6c8986ee9ae,Jivo Pomace Olive Oil 5.0 LITER,8908000258457,"Atta, Rice, Oil & Dals",Oil,Jivo,Jivo Wellness Pvt. Ltd.,946950b7-1ce2-4bdf-a7c4-37499e3f5f34,Noida,1,4999,4999
08-08-2025,ca5e32db-f7af-45b7-b5cd-ef7f1055e8e7,Jivo Daily Cooking Extra Light Olive Oil 5.0 LITER,8908000258228,"Atta, Rice, Oil & Dals",Oil,Jivo,Jivo Wellness Pvt. Ltd.,946950b7-1ce2-4bdf-a7c4-37499e3f5f34,Chennai,1,6499,6499
08-08-2025,bc1af3d1-2a14-4296-b38e-e05ba43c3170,Jivo Gold Refined Oil Blend Of Rice Bran Oil and Sunflower Oil 1.0 LITER,8905604001076,"Atta, Rice, Oil & Dals",Oil,Jivo,Jivo Wellness Pvt. Ltd.,946950b7-1ce2-4bdf-a7c4-37499e3f5f34,Gurugram,1,225,225
05-08-2025,a81945f0-43ac-4970-82b4-c6c8986ee9ae,Jivo Pomace Olive Oil 5.0 LITER,8908000258457,"Atta, Rice, Oil & Dals",Oil,Jivo,Jivo Wellness Pvt. Ltd.,946950b7-1ce2-4bdf-a7c4-37499e3f5f34,Noida,1,4999,4999
07-08-2025,4acb73bc-1e89-47d8-8625-05e6a34b698b,Jivo Rice Bran Daily Cooking Oil 1.0 LITER,8905604002059,"Atta, Rice, Oil & Dals",Oil,Jivo,Jivo Wellness Pvt. Ltd.,946950b7-1ce2-4bdf-a7c4-37499e3f5f34,Bengaluru,3,285,855
05-08-2025,29e72c8c-7ff6-46e2-9721-ca4e9f612e98,Jivo Extra Light Olive Oil 2.0 LITER,8908000258402,"Atta, Rice, Oil & Dals",Oil,Jivo,Jivo Wellness Pvt. Ltd.,946950b7-1ce2-4bdf-a7c4-37499e3f5f34,Hyderabad,0,0,0
06-08-2025,2300d5e1-ccd1-46ab-990d-aa7fee80bc5d,Jivo Extra Light Olive Oil 1.0 LITER,8908000258211,"Atta, Rice, Oil & Dals",Oil,Jivo,Jivo Wellness Pvt. Ltd.,946950b7-1ce2-4bdf-a7c4-37499e3f5f34,Gurugram,5,1499,7495
06-08-2025,50b56b7f-3d9f-45c7-8161-c2327e8db652,Jivo Cold Press Canola Oil Combo | Bottle 2.0 LITER,8908000258181,"Atta, Rice, Oil & Dals",Oil,Jivo,Jivo Wellness Pvt. Ltd.,946950b7-1ce2-4bdf-a7c4-37499e3f5f34,Mumbai,3,750,2250
04-08-2025,5d186472-6fe2-4643-af2f-2f9cd773986d,Jivo Extra Virgin Olive Oil | Bottle 1.0 LITER,8908000258723,"Atta, Rice, Oil & Dals",Oil,Jivo,Jivo Wellness Pvt. Ltd.,946950b7-1ce2-4bdf-a7c4-37499e3f5f34,Ghaziabad,3,1799,5397
06-08-2025,a81945f0-43ac-4970-82b4-c6c8986ee9ae,Jivo Pomace Olive Oil 5.0 LITER,8908000258457,"Atta, Rice, Oil & Dals",Oil,Jivo,Jivo Wellness Pvt. Ltd.,946950b7-1ce2-4bdf-a7c4-37499e3f5f34,Delhi,2,4999,9998
07-08-2025,06c8f55b-13a5-4d9b-8990-a418e63c89ad,Jivo Cold Press Sunflower Cooking Oil 1.0 LITER,8908000258235,"Atta, Rice, Oil & Dals",Oil,Jivo,Jivo Wellness Pvt. Ltd.,946950b7-1ce2-4bdf-a7c4-37499e3f5f34,Delhi,9,275,2475
07-08-2025,06c8f55b-13a5-4d9b-8990-a418e63c89ad,Jivo Cold Press Sunflower Cooking Oil 1.0 LITER,8908000258235,"Atta, Rice, Oil & Dals",Oil,Jivo,Jivo Wellness Pvt. Ltd.,946950b7-1ce2-4bdf-a7c4-37499e3f5f34,Noida,5,275,1375
04-08-2025,06c8f55b-13a5-4d9b-8990-a418e63c89ad,Jivo Cold Press Sunflower Cooking Oil 1.0 LITER,8908000258235,"Atta, Rice, Oil & Dals",Oil,Jivo,Jivo Wellness Pvt. Ltd.,946950b7-1ce2-4bdf-a7c4-37499e3f5f34,Lucknow,2,275,550
06-08-2025,41367ef4-80d9-4819-bbae-d1806c184f5c,Jivo Cold Press Groundnut Cooking Oil 1.0 LITER,8905604001199,"Atta, Rice, Oil & Dals",Oil,Jivo,Jivo Wellness Pvt. Ltd.,946950b7-1ce2-4bdf-a7c4-37499e3f5f34,Ludhiana,1,560,560
04-08-2025,50b56b7f-3d9f-45c7-8161-c2327e8db652,Jivo Cold Press Canola Oil Combo | Bottle 2.0 LITER,8908000258181,"Atta, Rice, Oil & Dals",Oil,Jivo,Jivo Wellness Pvt. Ltd.,946950b7-1ce2-4bdf-a7c4-37499e3f5f34,Noida,4,750,3000
07-08-2025,06c8f55b-13a5-4d9b-8990-a418e63c89ad,Jivo Cold Press Sunflower Cooking Oil 1.0 LITER,8908000258235,"Atta, Rice, Oil & Dals",Oil,Jivo,Jivo Wellness Pvt. Ltd.,946950b7-1ce2-4bdf-a7c4-37499e3f5f34,Gurugram,3,275,825
07-08-2025,2300d5e1-ccd1-46ab-990d-aa7fee80bc5d,Jivo Extra Light Olive Oil 1.0 LITER,8908000258211,"Atta, Rice, Oil & Dals",Oil,Jivo,Jivo Wellness Pvt. Ltd.,946950b7-1ce2-4bdf-a7c4-37499e3f5f34,Hyderabad,3,1499,4497
04-08-2025,41367ef4-80d9-4819-bbae-d1806c184f5c,Jivo Cold Press Groundnut Cooking Oil 1.0 LITER,8905604001199,"Atta, Rice, Oil & Dals",Oil,Jivo,Jivo Wellness Pvt. Ltd.,946950b7-1ce2-4bdf-a7c4-37499e3f5f34,Noida,3,560,1680
04-08-2025,89804a83-79f3-45c6-b940-9c395451dffa,Jivo Cold Press Kachi Ghani Mustard Oil 1.0 LITER,8908000258198,"Atta, Rice, Oil & Dals",Oil,Jivo,Jivo Wellness Pvt. Ltd.,946950b7-1ce2-4bdf-a7c4-37499e3f5f34,Bengaluru,4,255,1020
08-08-2025,2300d5e1-ccd1-46ab-990d-aa7fee80bc5d,Jivo Extra Light Olive Oil 1.0 LITER,8908000258211,"Atta, Rice, Oil & Dals",Oil,Jivo,Jivo Wellness Pvt. Ltd.,946950b7-1ce2-4bdf-a7c4-37499e3f5f34,Bengaluru,2,1499,2998
07-08-2025,5d186472-6fe2-4643-af2f-2f9cd773986d,Jivo Extra Virgin Olive Oil | Bottle 1.0 LITER,8908000258723,"Atta, Rice, Oil & Dals",Oil,Jivo,Jivo Wellness Pvt. Ltd.,946950b7-1ce2-4bdf-a7c4-37499e3f5f34,Ghaziabad,2,1799,3598
08-08-2025,dc9c5857-5d89-45c7-895a-373097239ff7,Jivo So-Olive Blend Of Rice Bran and Olive Oil 1.0 LITER,8905604002080,"Atta, Rice, Oil & Dals",Oil,Jivo,Jivo Wellness Pvt. Ltd.,946950b7-1ce2-4bdf-a7c4-37499e3f5f34,Bengaluru,2,325,650
07-08-2025,bc1af3d1-2a14-4296-b38e-e05ba43c3170,Jivo Gold Refined Oil Blend Of Rice Bran Oil and Sunflower Oil 1.0 LITER,8905604001076,"Atta, Rice, Oil & Dals",Oil,Jivo,Jivo Wellness Pvt. Ltd.,946950b7-1ce2-4bdf-a7c4-37499e3f5f34,Bengaluru,3,225,675
05-08-2025,5d186472-6fe2-4643-af2f-2f9cd773986d,Jivo Extra Virgin Olive Oil | Bottle 1.0 LITER,8908000258723,"Atta, Rice, Oil & Dals",Oil,Jivo,Jivo Wellness Pvt. Ltd.,946950b7-1ce2-4bdf-a7c4-37499e3f5f34,Delhi,3,1799,5397
04-08-2025,29e72c8c-7ff6-46e2-9721-ca4e9f612e98,Jivo Extra Light Olive Oil 2.0 LITER,8908000258402,"Atta, Rice, Oil & Dals",Oil,Jivo,Jivo Wellness Pvt. Ltd.,946950b7-1ce2-4bdf-a7c4-37499e3f5f34,Mumbai,5,2799,13995
04-08-2025,a81945f0-43ac-4970-82b4-c6c8986ee9ae,Jivo Pomace Olive Oil 5.0 LITER,8908000258457,"Atta, Rice, Oil & Dals",Oil,Jivo,Jivo Wellness Pvt. Ltd.,946950b7-1ce2-4bdf-a7c4-37499e3f5f34,Hyderabad,1,4999,4999
08-08-2025,bc1af3d1-2a14-4296-b38e-e05ba43c3170,Jivo Gold Refined Oil Blend Of Rice Bran Oil and Sunflower Oil 1.0 LITER,8905604001076,"Atta, Rice, Oil & Dals",Oil,Jivo,Jivo Wellness Pvt. Ltd.,946950b7-1ce2-4bdf-a7c4-37499e3f5f34,Noida,2,225,450
07-08-2025,41367ef4-80d9-4819-bbae-d1806c184f5c,Jivo Cold Press Groundnut Cooking Oil 1.0 LITER,8905604001199,"Atta, Rice, Oil & Dals",Oil,Jivo,Jivo Wellness Pvt. Ltd.,946950b7-1ce2-4bdf-a7c4-37499e3f5f34,Ghaziabad,2,560,1120
06-08-2025,89804a83-79f3-45c6-b940-9c395451dffa,Jivo Cold Press Kachi Ghani Mustard Oil 1.0 LITER,8908000258198,"Atta, Rice, Oil & Dals",Oil,Jivo,Jivo Wellness Pvt. Ltd.,946950b7-1ce2-4bdf-a7c4-37499e3f5f34,Gurugram,3,255,765
04-08-2025,bc1af3d1-2a14-4296-b38e-e05ba43c3170,Jivo Gold Refined Oil Blend Of Rice Bran Oil and Sunflower Oil 1.0 LITER,8905604001076,"Atta, Rice, Oil & Dals",Oil,Jivo,Jivo Wellness Pvt. Ltd.,946950b7-1ce2-4bdf-a7c4-37499e3f5f34,Mumbai,3,225,675
05-08-2025,2300d5e1-ccd1-46ab-990d-aa7fee80bc5d,Jivo Extra Light Olive Oil 1.0 LITER,8908000258211,"Atta, Rice, Oil & Dals",Oil,Jivo,Jivo Wellness Pvt. Ltd.,946950b7-1ce2-4bdf-a7c4-37499e3f5f34,Gurugram,6,1499,8994
07-08-2025,8eedf6ff-d36c-4313-88e4-6aa571372f46,Jivo Daily Pomace Olive Oil 2.0 LITER,8905604000703,"Atta, Rice, Oil & Dals",Oil,Jivo,Jivo Wellness Pvt. Ltd.,946950b7-1ce2-4bdf-a7c4-37499e3f5f34,Chennai,1,1449,1449
05-08-2025,06c8f55b-13a5-4d9b-8990-a418e63c89ad,Jivo Cold Press Sunflower Cooking Oil 1.0 LITER,8908000258235,"Atta, Rice, Oil & Dals",Oil,Jivo,Jivo Wellness Pvt. Ltd.,946950b7-1ce2-4bdf-a7c4-37499e3f5f34,Bengaluru,27,275,7425
05-08-2025,89804a83-79f3-45c6-b940-9c395451dffa,Jivo Cold Press Kachi Ghani Mustard Oil 1.0 LITER,8908000258198,"Atta, Rice, Oil & Dals",Oil,Jivo,Jivo Wellness Pvt. Ltd.,946950b7-1ce2-4bdf-a7c4-37499e3f5f34,Delhi,9,255,2295
05-08-2025,bc1af3d1-2a14-4296-b38e-e05ba43c3170,Jivo Gold Refined Oil Blend Of Rice Bran Oil and Sunflower Oil 1.0 LITER,8905604001076,"Atta, Rice, Oil & Dals",Oil,Jivo,Jivo Wellness Pvt. Ltd.,946950b7-1ce2-4bdf-a7c4-37499e3f5f34,Delhi,6,225,1350
04-08-2025,50b56b7f-3d9f-45c7-8161-c2327e8db652,Jivo Cold Press Canola Oil Combo | Bottle 2.0 LITER,8908000258181,"Atta, Rice, Oil & Dals",Oil,Jivo,Jivo Wellness Pvt. Ltd.,946950b7-1ce2-4bdf-a7c4-37499e3f5f34,Bengaluru,2,750,1500
06-08-2025,4acb73bc-1e89-47d8-8625-05e6a34b698b,Jivo Rice Bran Daily Cooking Oil 1.0 LITER,8905604002059,"Atta, Rice, Oil & Dals",Oil,Jivo,Jivo Wellness Pvt. Ltd.,946950b7-1ce2-4bdf-a7c4-37499e3f5f34,Mumbai,2,285,570
05-08-2025,06c8f55b-13a5-4d9b-8990-a418e63c89ad,Jivo Cold Press Sunflower Cooking Oil 1.0 LITER,8908000258235,"Atta, Rice, Oil & Dals",Oil,Jivo,Jivo Wellness Pvt. Ltd.,946950b7-1ce2-4bdf-a7c4-37499e3f5f34,Jalandhar,1,275,275
07-08-2025,5d186472-6fe2-4643-af2f-2f9cd773986d,Jivo Extra Virgin Olive Oil | Bottle 1.0 LITER,8908000258723,"Atta, Rice, Oil & Dals",Oil,Jivo,Jivo Wellness Pvt. Ltd.,946950b7-1ce2-4bdf-a7c4-37499e3f5f34,Gurugram,1,1799,1799
04-08-2025,2300d5e1-ccd1-46ab-990d-aa7fee80bc5d,Jivo Extra Light Olive Oil 1.0 LITER,8908000258211,"Atta, Rice, Oil & Dals",Oil,Jivo,Jivo Wellness Pvt. Ltd.,946950b7-1ce2-4bdf-a7c4-37499e3f5f34,Ghaziabad,1,1499,1499
08-08-2025,bc1af3d1-2a14-4296-b38e-e05ba43c3170,Jivo Gold Refined Oil Blend Of Rice Bran Oil and Sunflower Oil 1.0 LITER,8905604001076,"Atta, Rice, Oil & Dals",Oil,Jivo,Jivo Wellness Pvt. Ltd.,946950b7-1ce2-4bdf-a7c4-37499e3f5f34,Bengaluru,1,225,225
08-08-2025,ac9a7dd8-489b-4475-a14d-27ae393a5505,Jivo Pomace Olive Oil 1.0 LITER,8908000258549,"Atta, Rice, Oil & Dals",Oil,Jivo,Jivo Wellness Pvt. Ltd.,946950b7-1ce2-4bdf-a7c4-37499e3f5f34,Mumbai,1,1049,1049
06-08-2025,06c8f55b-13a5-4d9b-8990-a418e63c89ad,Jivo Cold Press Sunflower Cooking Oil 1.0 LITER,8908000258235,"Atta, Rice, Oil & Dals",Oil,Jivo,Jivo Wellness Pvt. Ltd.,946950b7-1ce2-4bdf-a7c4-37499e3f5f34,Gurugram,7,275,1925
06-08-2025,2300d5e1-ccd1-46ab-990d-aa7fee80bc5d,Jivo Extra Light Olive Oil 1.0 LITER,8908000258211,"Atta, Rice, Oil & Dals",Oil,Jivo,Jivo Wellness Pvt. Ltd.,946950b7-1ce2-4bdf-a7c4-37499e3f5f34,Hyderabad,5,1499,7495
05-08-2025,2300d5e1-ccd1-46ab-990d-aa7fee80bc5d,Jivo Extra Light Olive Oil 1.0 LITER,8908000258211,"Atta, Rice, Oil & Dals",Oil,Jivo,Jivo Wellness Pvt. Ltd.,946950b7-1ce2-4bdf-a7c4-37499e3f5f34,Bengaluru,7,1499,10493
06-08-2025,bc1af3d1-2a14-4296-b38e-e05ba43c3170,Jivo Gold Refined Oil Blend Of Rice Bran Oil and Sunflower Oil 1.0 LITER,8905604001076,"Atta, Rice, Oil & Dals",Oil,Jivo,Jivo Wellness Pvt. Ltd.,946950b7-1ce2-4bdf-a7c4-37499e3f5f34,Noida,8,225,1800
06-08-2025,06c8f55b-13a5-4d9b-8990-a418e63c89ad,Jivo Cold Press Sunflower Cooking Oil 1.0 LITER,8908000258235,"Atta, Rice, Oil & Dals",Oil,Jivo,Jivo Wellness Pvt. Ltd.,946950b7-1ce2-4bdf-a7c4-37499e3f5f34,Jaipur,3,275,825
04-08-2025,4acb73bc-1e89-47d8-8625-05e6a34b698b,Jivo Rice Bran Daily Cooking Oil 1.0 LITER,8905604002059,"Atta, Rice, Oil & Dals",Oil,Jivo,Jivo Wellness Pvt. Ltd.,946950b7-1ce2-4bdf-a7c4-37499e3f5f34,Mumbai,2,285,570
04-08-2025,5d186472-6fe2-4643-af2f-2f9cd773986d,Jivo Extra Virgin Olive Oil | Bottle 1.0 LITER,8908000258723,"Atta, Rice, Oil & Dals",Oil,Jivo,Jivo Wellness Pvt. Ltd.,946950b7-1ce2-4bdf-a7c4-37499e3f5f34,Gurugram,1,1799,1799
06-08-2025,5d186472-6fe2-4643-af2f-2f9cd773986d,Jivo Extra Virgin Olive Oil | Bottle 1.0 LITER,8908000258723,"Atta, Rice, Oil & Dals",Oil,Jivo,Jivo Wellness Pvt. Ltd.,946950b7-1ce2-4bdf-a7c4-37499e3f5f34,Mumbai,1,1799,1799
08-08-2025,a81945f0-43ac-4970-82b4-c6c8986ee9ae,Jivo Pomace Olive Oil 5.0 LITER,8908000258457,"Atta, Rice, Oil & Dals",Oil,Jivo,Jivo Wellness Pvt. Ltd.,946950b7-1ce2-4bdf-a7c4-37499e3f5f34,Noida,1,4999,4999
04-08-2025,06c8f55b-13a5-4d9b-8990-a418e63c89ad,Jivo Cold Press Sunflower Cooking Oil 1.0 LITER,8908000258235,"Atta, Rice, Oil & Dals",Oil,Jivo,Jivo Wellness Pvt. Ltd.,946950b7-1ce2-4bdf-a7c4-37499e3f5f34,Ghaziabad,1,275,275
06-08-2025,41367ef4-80d9-4819-bbae-d1806c184f5c,Jivo Cold Press Groundnut Cooking Oil 1.0 LITER,8905604001199,"Atta, Rice, Oil & Dals",Oil,Jivo,Jivo Wellness Pvt. Ltd.,946950b7-1ce2-4bdf-a7c4-37499e3f5f34,Noida,4,560,2240
08-08-2025,ac9a7dd8-489b-4475-a14d-27ae393a5505,Jivo Pomace Olive Oil 1.0 LITER,8908000258549,"Atta, Rice, Oil & Dals",Oil,Jivo,Jivo Wellness Pvt. Ltd.,946950b7-1ce2-4bdf-a7c4-37499e3f5f34,Delhi,4,1049,4196
06-08-2025,2300d5e1-ccd1-46ab-990d-aa7fee80bc5d,Jivo Extra Light Olive Oil 1.0 LITER,8908000258211,"Atta, Rice, Oil & Dals",Oil,Jivo,Jivo Wellness Pvt. Ltd.,946950b7-1ce2-4bdf-a7c4-37499e3f5f34,Noida,2,1499,2998
07-08-2025,50b56b7f-3d9f-45c7-8161-c2327e8db652,Jivo Cold Press Canola Oil Combo | Bottle 2.0 LITER,8908000258181,"Atta, Rice, Oil & Dals",Oil,Jivo,Jivo Wellness Pvt. Ltd.,946950b7-1ce2-4bdf-a7c4-37499e3f5f34,Gurugram,3,750,2250
05-08-2025,89804a83-79f3-45c6-b940-9c395451dffa,Jivo Cold Press Kachi Ghani Mustard Oil 1.0 LITER,8908000258198,"Atta, Rice, Oil & Dals",Oil,Jivo,Jivo Wellness Pvt. Ltd.,946950b7-1ce2-4bdf-a7c4-37499e3f5f34,Bengaluru,6,255,1530
06-08-2025,29e72c8c-7ff6-46e2-9721-ca4e9f612e98,Jivo Extra Light Olive Oil 2.0 LITER,8908000258402,"Atta, Rice, Oil & Dals",Oil,Jivo,Jivo Wellness Pvt. Ltd.,946950b7-1ce2-4bdf-a7c4-37499e3f5f34,Delhi,6,2799,16794
07-08-2025,bc1af3d1-2a14-4296-b38e-e05ba43c3170,Jivo Gold Refined Oil Blend Of Rice Bran Oil and Sunflower Oil 1.0 LITER,8905604001076,"Atta, Rice, Oil & Dals",Oil,Jivo,Jivo Wellness Pvt. Ltd.,946950b7-1ce2-4bdf-a7c4-37499e3f5f34,Delhi,6,225,1350
05-08-2025,41367ef4-80d9-4819-bbae-d1806c184f5c,Jivo Cold Press Groundnut Cooking Oil 1.0 LITER,8905604001199,"Atta, Rice, Oil & Dals",Oil,Jivo,Jivo Wellness Pvt. Ltd.,946950b7-1ce2-4bdf-a7c4-37499e3f5f34,SAS Nagar,2,560,1120
06-08-2025,89804a83-79f3-45c6-b940-9c395451dffa,Jivo Cold Press Kachi Ghani Mustard Oil 1.0 LITER,8908000258198,"Atta, Rice, Oil & Dals",Oil,Jivo,Jivo Wellness Pvt. Ltd.,946950b7-1ce2-4bdf-a7c4-37499e3f5f34,Lucknow,1,255,255
05-08-2025,50b56b7f-3d9f-45c7-8161-c2327e8db652,Jivo Cold Press Canola Oil Combo | Bottle 2.0 LITER,8908000258181,"Atta, Rice, Oil & Dals",Oil,Jivo,Jivo Wellness Pvt. Ltd.,946950b7-1ce2-4bdf-a7c4-37499e3f5f34,SAS Nagar,3,750,2250
05-08-2025,ac9a7dd8-489b-4475-a14d-27ae393a5505,Jivo Pomace Olive Oil 1.0 LITER,8908000258549,"Atta, Rice, Oil & Dals",Oil,Jivo,Jivo Wellness Pvt. Ltd.,946950b7-1ce2-4bdf-a7c4-37499e3f5f34,Kanpur,1,1049,1049
08-08-2025,41367ef4-80d9-4819-bbae-d1806c184f5c,Jivo Cold Press Groundnut Cooking Oil 1.0 LITER,8905604001199,"Atta, Rice, Oil & Dals",Oil,Jivo,Jivo Wellness Pvt. Ltd.,946950b7-1ce2-4bdf-a7c4-37499e3f5f34,Noida,2,560,1120
06-08-2025,bc1af3d1-2a14-4296-b38e-e05ba43c3170,Jivo Gold Refined Oil Blend Of Rice Bran Oil and Sunflower Oil 1.0 LITER,8905604001076,"Atta, Rice, Oil & Dals",Oil,Jivo,Jivo Wellness Pvt. Ltd.,946950b7-1ce2-4bdf-a7c4-37499e3f5f34,Mumbai,3,225,675
07-08-2025,2300d5e1-ccd1-46ab-990d-aa7fee80bc5d,Jivo Extra Light Olive Oil 1.0 LITER,8908000258211,"Atta, Rice, Oil & Dals",Oil,Jivo,Jivo Wellness Pvt. Ltd.,946950b7-1ce2-4bdf-a7c4-37499e3f5f34,Mumbai,8,1499,11992
08-08-2025,41367ef4-80d9-4819-bbae-d1806c184f5c,Jivo Cold Press Groundnut Cooking Oil 1.0 LITER,8905604001199,"Atta, Rice, Oil & Dals",Oil,Jivo,Jivo Wellness Pvt. Ltd.,946950b7-1ce2-4bdf-a7c4-37499e3f5f34,Meerut,1,400,400
08-08-2025,2300d5e1-ccd1-46ab-990d-aa7fee80bc5d,Jivo Extra Light Olive Oil 1.0 LITER,8908000258211,"Atta, Rice, Oil & Dals",Oil,Jivo,Jivo Wellness Pvt. Ltd.,946950b7-1ce2-4bdf-a7c4-37499e3f5f34,Gurugram,1,1499,1499
04-08-2025,4acb73bc-1e89-47d8-8625-05e6a34b698b,Jivo Rice Bran Daily Cooking Oil 1.0 LITER,8905604002059,"Atta, Rice, Oil & Dals",Oil,Jivo,Jivo Wellness Pvt. Ltd.,946950b7-1ce2-4bdf-a7c4-37499e3f5f34,Noida,1,285,285
06-08-2025,4acb73bc-1e89-47d8-8625-05e6a34b698b,Jivo Rice Bran Daily Cooking Oil 1.0 LITER,8905604002059,"Atta, Rice, Oil & Dals",Oil,Jivo,Jivo Wellness Pvt. Ltd.,946950b7-1ce2-4bdf-a7c4-37499e3f5f34,Gurugram,6,285,1710
04-08-2025,dc9c5857-5d89-45c7-895a-373097239ff7,Jivo So-Olive Blend Of Rice Bran and Olive Oil 1.0 LITER,8905604002080,"Atta, Rice, Oil & Dals",Oil,Jivo,Jivo Wellness Pvt. Ltd.,946950b7-1ce2-4bdf-a7c4-37499e3f5f34,Mumbai,1,325,325
07-08-2025,5d186472-6fe2-4643-af2f-2f9cd773986d,Jivo Extra Virgin Olive Oil | Bottle 1.0 LITER,8908000258723,"Atta, Rice, Oil & Dals",Oil,Jivo,Jivo Wellness Pvt. Ltd.,946950b7-1ce2-4bdf-a7c4-37499e3f5f34,Panipat,1,1799,1799
04-08-2025,06c8f55b-13a5-4d9b-8990-a418e63c89ad,Jivo Cold Press Sunflower Cooking Oil 1.0 LITER,8908000258235,"Atta, Rice, Oil & Dals",Oil,Jivo,Jivo Wellness Pvt. Ltd.,946950b7-1ce2-4bdf-a7c4-37499e3f5f34,Noida,2,275,550
04-08-2025,06c8f55b-13a5-4d9b-8990-a418e63c89ad,Jivo Cold Press Sunflower Cooking Oil 1.0 LITER,8908000258235,"Atta, Rice, Oil & Dals",Oil,Jivo,Jivo Wellness Pvt. Ltd.,946950b7-1ce2-4bdf-a7c4-37499e3f5f34,Dehradun,1,275,275
05-08-2025,a81945f0-43ac-4970-82b4-c6c8986ee9ae,Jivo Pomace Olive Oil 5.0 LITER,8908000258457,"Atta, Rice, Oil & Dals",Oil,Jivo,Jivo Wellness Pvt. Ltd.,946950b7-1ce2-4bdf-a7c4-37499e3f5f34,Chennai,1,4999,4999
05-08-2025,8eedf6ff-d36c-4313-88e4-6aa571372f46,Jivo Daily Pomace Olive Oil 2.0 LITER,8905604000703,"Atta, Rice, Oil & Dals",Oil,Jivo,Jivo Wellness Pvt. Ltd.,946950b7-1ce2-4bdf-a7c4-37499e3f5f34,Bengaluru,1,1449,1449
06-08-2025,2300d5e1-ccd1-46ab-990d-aa7fee80bc5d,Jivo Extra Light Olive Oil 1.0 LITER,8908000258211,"Atta, Rice, Oil & Dals",Oil,Jivo,Jivo Wellness Pvt. Ltd.,946950b7-1ce2-4bdf-a7c4-37499e3f5f34,Delhi,6,1499,8994
05-08-2025,89804a83-79f3-45c6-b940-9c395451dffa,Jivo Cold Press Kachi Ghani Mustard Oil 1.0 LITER,8908000258198,"Atta, Rice, Oil & Dals",Oil,Jivo,Jivo Wellness Pvt. Ltd.,946950b7-1ce2-4bdf-a7c4-37499e3f5f34,Mumbai,4,255,1020
07-08-2025,89804a83-79f3-45c6-b940-9c395451dffa,Jivo Cold Press Kachi Ghani Mustard Oil 1.0 LITER,8908000258198,"Atta, Rice, Oil & Dals",Oil,Jivo,Jivo Wellness Pvt. Ltd.,946950b7-1ce2-4bdf-a7c4-37499e3f5f34,Delhi,13,255,3315
06-08-2025,5d186472-6fe2-4643-af2f-2f9cd773986d,Jivo Extra Virgin Olive Oil | Bottle 1.0 LITER,8908000258723,"Atta, Rice, Oil & Dals",Oil,Jivo,Jivo Wellness Pvt. Ltd.,946950b7-1ce2-4bdf-a7c4-37499e3f5f34,Delhi,1,1799,1799
05-08-2025,ac9a7dd8-489b-4475-a14d-27ae393a5505,Jivo Pomace Olive Oil 1.0 LITER,8908000258549,"Atta, Rice, Oil & Dals",Oil,Jivo,Jivo Wellness Pvt. Ltd.,946950b7-1ce2-4bdf-a7c4-37499e3f5f34,Bengaluru,2,1049,2098
04-08-2025,89804a83-79f3-45c6-b940-9c395451dffa,Jivo Cold Press Kachi Ghani Mustard Oil 1.0 LITER,8908000258198,"Atta, Rice, Oil & Dals",Oil,Jivo,Jivo Wellness Pvt. Ltd.,946950b7-1ce2-4bdf-a7c4-37499e3f5f34,Gurugram,4,255,1020
06-08-2025,a81945f0-43ac-4970-82b4-c6c8986ee9ae,Jivo Pomace Olive Oil 5.0 LITER,8908000258457,"Atta, Rice, Oil & Dals",Oil,Jivo,Jivo Wellness Pvt. Ltd.,946950b7-1ce2-4bdf-a7c4-37499e3f5f34,Gurugram,3,4999,14997
06-08-2025,dc9c5857-5d89-45c7-895a-373097239ff7,Jivo So-Olive Blend Of Rice Bran and Olive Oil 1.0 LITER,8905604002080,"Atta, Rice, Oil & Dals",Oil,Jivo,Jivo Wellness Pvt. Ltd.,946950b7-1ce2-4bdf-a7c4-37499e3f5f34,Bengaluru,1,325,325
06-08-2025,06c8f55b-13a5-4d9b-8990-a418e63c89ad,Jivo Cold Press Sunflower Cooking Oil 1.0 LITER,8908000258235,"Atta, Rice, Oil & Dals",Oil,Jivo,Jivo Wellness Pvt. Ltd.,946950b7-1ce2-4bdf-a7c4-37499e3f5f34,Dehradun,1,275,275
05-08-2025,a81945f0-43ac-4970-82b4-c6c8986ee9ae,Jivo Pomace Olive Oil 5.0 LITER,8908000258457,"Atta, Rice, Oil & Dals",Oil,Jivo,Jivo Wellness Pvt. Ltd.,946950b7-1ce2-4bdf-a7c4-37499e3f5f34,Delhi,4,4999,19996
07-08-2025,41367ef4-80d9-4819-bbae-d1806c184f5c,Jivo Cold Press Groundnut Cooking Oil 1.0 LITER,8905604001199,"Atta, Rice, Oil & Dals",Oil,Jivo,Jivo Wellness Pvt. Ltd.,946950b7-1ce2-4bdf-a7c4-37499e3f5f34,Mumbai,5,560,2800
08-08-2025,50b56b7f-3d9f-45c7-8161-c2327e8db652,Jivo Cold Press Canola Oil Combo | Bottle 2.0 LITER,8908000258181,"Atta, Rice, Oil & Dals",Oil,Jivo,Jivo Wellness Pvt. Ltd.,946950b7-1ce2-4bdf-a7c4-37499e3f5f34,Ghaziabad,1,750,750
04-08-2025,bc1af3d1-2a14-4296-b38e-e05ba43c3170,Jivo Gold Refined Oil Blend Of Rice Bran Oil and Sunflower Oil 1.0 LITER,8905604001076,"Atta, Rice, Oil & Dals",Oil,Jivo,Jivo Wellness Pvt. Ltd.,946950b7-1ce2-4bdf-a7c4-37499e3f5f34,Delhi,2,225,450
05-08-2025,2300d5e1-ccd1-46ab-990d-aa7fee80bc5d,Jivo Extra Light Olive Oil 1.0 LITER,8908000258211,"Atta, Rice, Oil & Dals",Oil,Jivo,Jivo Wellness Pvt. Ltd.,946950b7-1ce2-4bdf-a7c4-37499e3f5f34,Mumbai,13,1499,19487
06-08-2025,29e72c8c-7ff6-46e2-9721-ca4e9f612e98,Jivo Extra Light Olive Oil 2.0 LITER,8908000258402,"Atta, Rice, Oil & Dals",Oil,Jivo,Jivo Wellness Pvt. Ltd.,946950b7-1ce2-4bdf-a7c4-37499e3f5f34,Ghaziabad,1,2799,2799
04-08-2025,29e72c8c-7ff6-46e2-9721-ca4e9f612e98,Jivo Extra Light Olive Oil 2.0 LITER,8908000258402,"Atta, Rice, Oil & Dals",Oil,Jivo,Jivo Wellness Pvt. Ltd.,946950b7-1ce2-4bdf-a7c4-37499e3f5f34,Ghaziabad,1,2799,2799
04-08-2025,2300d5e1-ccd1-46ab-990d-aa7fee80bc5d,Jivo Extra Light Olive Oil 1.0 LITER,8908000258211,"Atta, Rice, Oil & Dals",Oil,Jivo,Jivo Wellness Pvt. Ltd.,946950b7-1ce2-4bdf-a7c4-37499e3f5f34,Delhi,7,1499,10493
08-08-2025,ac9a7dd8-489b-4475-a14d-27ae393a5505,Jivo Pomace Olive Oil 1.0 LITER,8908000258549,"Atta, Rice, Oil & Dals",Oil,Jivo,Jivo Wellness Pvt. Ltd.,946950b7-1ce2-4bdf-a7c4-37499e3f5f34,Hyderabad,2,1049,2098
07-08-2025,ac9a7dd8-489b-4475-a14d-27ae393a5505,Jivo Pomace Olive Oil 1.0 LITER,8908000258549,"Atta, Rice, Oil & Dals",Oil,Jivo,Jivo Wellness Pvt. Ltd.,946950b7-1ce2-4bdf-a7c4-37499e3f5f34,Hyderabad,2,1049,2098
06-08-2025,2300d5e1-ccd1-46ab-990d-aa7fee80bc5d,Jivo Extra Light Olive Oil 1.0 LITER,8908000258211,"Atta, Rice, Oil & Dals",Oil,Jivo,Jivo Wellness Pvt. Ltd.,946950b7-1ce2-4bdf-a7c4-37499e3f5f34,Kanpur,1,1499,1499
06-08-2025,4acb73bc-1e89-47d8-8625-05e6a34b698b,Jivo Rice Bran Daily Cooking Oil 1.0 LITER,8905604002059,"Atta, Rice, Oil & Dals",Oil,Jivo,Jivo Wellness Pvt. Ltd.,946950b7-1ce2-4bdf-a7c4-37499e3f5f34,Delhi,2,285,570
07-08-2025,5d186472-6fe2-4643-af2f-2f9cd773986d,Jivo Extra Virgin Olive Oil | Bottle 1.0 LITER,8908000258723,"Atta, Rice, Oil & Dals",Oil,Jivo,Jivo Wellness Pvt. Ltd.,946950b7-1ce2-4bdf-a7c4-37499e3f5f34,Mumbai,1,1799,1799
05-08-2025,ac9a7dd8-489b-4475-a14d-27ae393a5505,Jivo Pomace Olive Oil 1.0 LITER,8908000258549,"Atta, Rice, Oil & Dals",Oil,Jivo,Jivo Wellness Pvt. Ltd.,946950b7-1ce2-4bdf-a7c4-37499e3f5f34,Noida,1,1049,1049
05-08-2025,06c8f55b-13a5-4d9b-8990-a418e63c89ad,Jivo Cold Press Sunflower Cooking Oil 1.0 LITER,8908000258235,"Atta, Rice, Oil & Dals",Oil,Jivo,Jivo Wellness Pvt. Ltd.,946950b7-1ce2-4bdf-a7c4-37499e3f5f34,Kanpur,3,275,825
05-08-2025,06c8f55b-13a5-4d9b-8990-a418e63c89ad,Jivo Cold Press Sunflower Cooking Oil 1.0 LITER,8908000258235,"Atta, Rice, Oil & Dals",Oil,Jivo,Jivo Wellness Pvt. Ltd.,946950b7-1ce2-4bdf-a7c4-37499e3f5f34,Noida,6,275,1650
04-08-2025,06c8f55b-13a5-4d9b-8990-a418e63c89ad,Jivo Cold Press Sunflower Cooking Oil 1.0 LITER,8908000258235,"Atta, Rice, Oil & Dals",Oil,Jivo,Jivo Wellness Pvt. Ltd.,946950b7-1ce2-4bdf-a7c4-37499e3f5f34,Bengaluru,16,275,4400
08-08-2025,50b56b7f-3d9f-45c7-8161-c2327e8db652,Jivo Cold Press Canola Oil Combo | Bottle 2.0 LITER,8908000258181,"Atta, Rice, Oil & Dals",Oil,Jivo,Jivo Wellness Pvt. Ltd.,946950b7-1ce2-4bdf-a7c4-37499e3f5f34,Bengaluru,1,750,750
05-08-2025,41367ef4-80d9-4819-bbae-d1806c184f5c,Jivo Cold Press Groundnut Cooking Oil 1.0 LITER,8905604001199,"Atta, Rice, Oil & Dals",Oil,Jivo,Jivo Wellness Pvt. Ltd.,946950b7-1ce2-4bdf-a7c4-37499e3f5f34,Kanpur,2,560,1120
05-08-2025,ac9a7dd8-489b-4475-a14d-27ae393a5505,Jivo Pomace Olive Oil 1.0 LITER,8908000258549,"Atta, Rice, Oil & Dals",Oil,Jivo,Jivo Wellness Pvt. Ltd.,946950b7-1ce2-4bdf-a7c4-37499e3f5f34,Mumbai,5,1049,5245
05-08-2025,2300d5e1-ccd1-46ab-990d-aa7fee80bc5d,Jivo Extra Light Olive Oil 1.0 LITER,8908000258211,"Atta, Rice, Oil & Dals",Oil,Jivo,Jivo Wellness Pvt. Ltd.,946950b7-1ce2-4bdf-a7c4-37499e3f5f34,Hyderabad,4,1499,5996
06-08-2025,41367ef4-80d9-4819-bbae-d1806c184f5c,Jivo Cold Press Groundnut Cooking Oil 1.0 LITER,8905604001199,"Atta, Rice, Oil & Dals",Oil,Jivo,Jivo Wellness Pvt. Ltd.,946950b7-1ce2-4bdf-a7c4-37499e3f5f34,Ghaziabad,1,560,560
07-08-2025,ac9a7dd8-489b-4475-a14d-27ae393a5505,Jivo Pomace Olive Oil 1.0 LITER,8908000258549,"Atta, Rice, Oil & Dals",Oil,Jivo,Jivo Wellness Pvt. Ltd.,946950b7-1ce2-4bdf-a7c4-37499e3f5f34,Pune,1,1049,1049
04-08-2025,4acb73bc-1e89-47d8-8625-05e6a34b698b,Jivo Rice Bran Daily Cooking Oil 1.0 LITER,8905604002059,"Atta, Rice, Oil & Dals",Oil,Jivo,Jivo Wellness Pvt. Ltd.,946950b7-1ce2-4bdf-a7c4-37499e3f5f34,Bengaluru,2,285,570
08-08-2025,06c8f55b-13a5-4d9b-8990-a418e63c89ad,Jivo Cold Press Sunflower Cooking Oil 1.0 LITER,8908000258235,"Atta, Rice, Oil & Dals",Oil,Jivo,Jivo Wellness Pvt. Ltd.,946950b7-1ce2-4bdf-a7c4-37499e3f5f34,Gurugram,5,275,1375
08-08-2025,ac9a7dd8-489b-4475-a14d-27ae393a5505,Jivo Pomace Olive Oil 1.0 LITER,8908000258549,"Atta, Rice, Oil & Dals",Oil,Jivo,Jivo Wellness Pvt. Ltd.,946950b7-1ce2-4bdf-a7c4-37499e3f5f34,Bengaluru,3,1049,3147
07-08-2025,ac9a7dd8-489b-4475-a14d-27ae393a5505,Jivo Pomace Olive Oil 1.0 LITER,8908000258549,"Atta, Rice, Oil & Dals",Oil,Jivo,Jivo Wellness Pvt. Ltd.,946950b7-1ce2-4bdf-a7c4-37499e3f5f34,Gurugram,5,1049,5245
04-08-2025,2300d5e1-ccd1-46ab-990d-aa7fee80bc5d,Jivo Extra Light Olive Oil 1.0 LITER,8908000258211,"Atta, Rice, Oil & Dals",Oil,Jivo,Jivo Wellness Pvt. Ltd.,946950b7-1ce2-4bdf-a7c4-37499e3f5f34,Mumbai,8,1499,11992
04-08-2025,bc1af3d1-2a14-4296-b38e-e05ba43c3170,Jivo Gold Refined Oil Blend Of Rice Bran Oil and Sunflower Oil 1.0 LITER,8905604001076,"Atta, Rice, Oil & Dals",Oil,Jivo,Jivo Wellness Pvt. Ltd.,946950b7-1ce2-4bdf-a7c4-37499e3f5f34,Faridabad,1,225,225
05-08-2025,50b56b7f-3d9f-45c7-8161-c2327e8db652,Jivo Cold Press Canola Oil Combo | Bottle 2.0 LITER,8908000258181,"Atta, Rice, Oil & Dals",Oil,Jivo,Jivo Wellness Pvt. Ltd.,946950b7-1ce2-4bdf-a7c4-37499e3f5f34,Gurugram,1,750,750
05-08-2025,dc9c5857-5d89-45c7-895a-373097239ff7,Jivo So-Olive Blend Of Rice Bran and Olive Oil 1.0 LITER,8905604002080,"Atta, Rice, Oil & Dals",Oil,Jivo,Jivo Wellness Pvt. Ltd.,946950b7-1ce2-4bdf-a7c4-37499e3f5f34,Faridabad,1,325,325
05-08-2025,06c8f55b-13a5-4d9b-8990-a418e63c89ad,Jivo Cold Press Sunflower Cooking Oil 1.0 LITER,8908000258235,"Atta, Rice, Oil & Dals",Oil,Jivo,Jivo Wellness Pvt. Ltd.,946950b7-1ce2-4bdf-a7c4-37499e3f5f34,Jaipur,2,275,550
06-08-2025,06c8f55b-13a5-4d9b-8990-a418e63c89ad,Jivo Cold Press Sunflower Cooking Oil 1.0 LITER,8908000258235,"Atta, Rice, Oil & Dals",Oil,Jivo,Jivo Wellness Pvt. Ltd.,946950b7-1ce2-4bdf-a7c4-37499e3f5f34,Lucknow,2,275,550
06-08-2025,5d186472-6fe2-4643-af2f-2f9cd773986d,Jivo Extra Virgin Olive Oil | Bottle 1.0 LITER,8908000258723,"Atta, Rice, Oil & Dals",Oil,Jivo,Jivo Wellness Pvt. Ltd.,946950b7-1ce2-4bdf-a7c4-37499e3f5f34,SAS Nagar,1,1799,1799
04-08-2025,2300d5e1-ccd1-46ab-990d-aa7fee80bc5d,Jivo Extra Light Olive Oil 1.0 LITER,8908000258211,"Atta, Rice, Oil & Dals",Oil,Jivo,Jivo Wellness Pvt. Ltd.,946950b7-1ce2-4bdf-a7c4-37499e3f5f34,Bengaluru,3,1499,4497
05-08-2025,50b56b7f-3d9f-45c7-8161-c2327e8db652,Jivo Cold Press Canola Oil Combo | Bottle 2.0 LITER,8908000258181,"Atta, Rice, Oil & Dals",Oil,Jivo,Jivo Wellness Pvt. Ltd.,946950b7-1ce2-4bdf-a7c4-37499e3f5f34,Mumbai,6,750,4500
05-08-2025,4acb73bc-1e89-47d8-8625-05e6a34b698b,Jivo Rice Bran Daily Cooking Oil 1.0 LITER,8905604002059,"Atta, Rice, Oil & Dals",Oil,Jivo,Jivo Wellness Pvt. Ltd.,946950b7-1ce2-4bdf-a7c4-37499e3f5f34,Delhi,1,285,285
06-08-2025,50b56b7f-3d9f-45c7-8161-c2327e8db652,Jivo Cold Press Canola Oil Combo | Bottle 2.0 LITER,8908000258181,"Atta, Rice, Oil & Dals",Oil,Jivo,Jivo Wellness Pvt. Ltd.,946950b7-1ce2-4bdf-a7c4-37499e3f5f34,Gurugram,3,750,2250
07-08-2025,33f0ba96-44a1-426a-9ced-1ad6ca655f25,Jivo A2 Desi Cow Ghee 500.0 MILLILITRE,8905604000291,"Atta, Rice, Oil & Dals",Ghee,Jivo,Jivo Wellness Pvt. Ltd.,946950b7-1ce2-4bdf-a7c4-37499e3f5f34,Hyderabad,1,2200,2200
05-08-2025,bc1af3d1-2a14-4296-b38e-e05ba43c3170,Jivo Gold Refined Oil Blend Of Rice Bran Oil and Sunflower Oil 1.0 LITER,8905604001076,"Atta, Rice, Oil & Dals",Oil,Jivo,Jivo Wellness Pvt. Ltd.,946950b7-1ce2-4bdf-a7c4-37499e3f5f34,Bengaluru,5,225,1125
05-08-2025,29e72c8c-7ff6-46e2-9721-ca4e9f612e98,Jivo Extra Light Olive Oil 2.0 LITER,8908000258402,"Atta, Rice, Oil & Dals",Oil,Jivo,Jivo Wellness Pvt. Ltd.,946950b7-1ce2-4bdf-a7c4-37499e3f5f34,Ghaziabad,1,2799,2799
08-08-2025,ac9a7dd8-489b-4475-a14d-27ae393a5505,Jivo Pomace Olive Oil 1.0 LITER,8908000258549,"Atta, Rice, Oil & Dals",Oil,Jivo,Jivo Wellness Pvt. Ltd.,946950b7-1ce2-4bdf-a7c4-37499e3f5f34,Gurugram,4,1049,4196
07-08-2025,50b56b7f-3d9f-45c7-8161-c2327e8db652,Jivo Cold Press Canola Oil Combo | Bottle 2.0 LITER,8908000258181,"Atta, Rice, Oil & Dals",Oil,Jivo,Jivo Wellness Pvt. Ltd.,946950b7-1ce2-4bdf-a7c4-37499e3f5f34,Dehradun,1,750,750
07-08-2025,4acb73bc-1e89-47d8-8625-05e6a34b698b,Jivo Rice Bran Daily Cooking Oil 1.0 LITER,8905604002059,"Atta, Rice, Oil & Dals",Oil,Jivo,Jivo Wellness Pvt. Ltd.,946950b7-1ce2-4bdf-a7c4-37499e3f5f34,Noida,3,285,855
07-08-2025,06c8f55b-13a5-4d9b-8990-a418e63c89ad,Jivo Cold Press Sunflower Cooking Oil 1.0 LITER,8908000258235,"Atta, Rice, Oil & Dals",Oil,Jivo,Jivo Wellness Pvt. Ltd.,946950b7-1ce2-4bdf-a7c4-37499e3f5f34,Lucknow,1,275,275
05-08-2025,5d186472-6fe2-4643-af2f-2f9cd773986d,Jivo Extra Virgin Olive Oil | Bottle 1.0 LITER,8908000258723,"Atta, Rice, Oil & Dals",Oil,Jivo,Jivo Wellness Pvt. Ltd.,946950b7-1ce2-4bdf-a7c4-37499e3f5f34,Prayagraj,1,1799,1799
07-08-2025,41367ef4-80d9-4819-bbae-d1806c184f5c,Jivo Cold Press Groundnut Cooking Oil 1.0 LITER,8905604001199,"Atta, Rice, Oil & Dals",Oil,Jivo,Jivo Wellness Pvt. Ltd.,946950b7-1ce2-4bdf-a7c4-37499e3f5f34,Delhi,8,560,4480
04-08-2025,41367ef4-80d9-4819-bbae-d1806c184f5c,Jivo Cold Press Groundnut Cooking Oil 1.0 LITER,8905604001199,"Atta, Rice, Oil & Dals",Oil,Jivo,Jivo Wellness Pvt. Ltd.,946950b7-1ce2-4bdf-a7c4-37499e3f5f34,Ghaziabad,2,560,1120
06-08-2025,2300d5e1-ccd1-46ab-990d-aa7fee80bc5d,Jivo Extra Light Olive Oil 1.0 LITER,8908000258211,"Atta, Rice, Oil & Dals",Oil,Jivo,Jivo Wellness Pvt. Ltd.,946950b7-1ce2-4bdf-a7c4-37499e3f5f34,Faridabad,2,1499,2998
07-08-2025,06c8f55b-13a5-4d9b-8990-a418e63c89ad,Jivo Cold Press Sunflower Cooking Oil 1.0 LITER,8908000258235,"Atta, Rice, Oil & Dals",Oil,Jivo,Jivo Wellness Pvt. Ltd.,946950b7-1ce2-4bdf-a7c4-37499e3f5f34,Jalandhar,1,275,275
07-08-2025,06c8f55b-13a5-4d9b-8990-a418e63c89ad,Jivo Cold Press Sunflower Cooking Oil 1.0 LITER,8908000258235,"Atta, Rice, Oil & Dals",Oil,Jivo,Jivo Wellness Pvt. Ltd.,946950b7-1ce2-4bdf-a7c4-37499e3f5f34,Jaipur,1,275,275
07-08-2025,2300d5e1-ccd1-46ab-990d-aa7fee80bc5d,Jivo Extra Light Olive Oil 1.0 LITER,8908000258211,"Atta, Rice, Oil & Dals",Oil,Jivo,Jivo Wellness Pvt. Ltd.,946950b7-1ce2-4bdf-a7c4-37499e3f5f34,Pune,4,1499,5996
06-08-2025,2300d5e1-ccd1-46ab-990d-aa7fee80bc5d,Jivo Extra Light Olive Oil 1.0 LITER,8908000258211,"Atta, Rice, Oil & Dals",Oil,Jivo,Jivo Wellness Pvt. Ltd.,946950b7-1ce2-4bdf-a7c4-37499e3f5f34,Ghaziabad,1,1499,1499
05-08-2025,2300d5e1-ccd1-46ab-990d-aa7fee80bc5d,Jivo Extra Light Olive Oil 1.0 LITER,8908000258211,"Atta, Rice, Oil & Dals",Oil,Jivo,Jivo Wellness Pvt. Ltd.,946950b7-1ce2-4bdf-a7c4-37499e3f5f34,Meerut,1,1499,1499
